matrix,nr_rows,nr_cols,nr_nzeros
synthetic_small,65535,65535,327316
synthetic_medium,524287,524287,2622083
synthetic_large,8388607,8388607,41944643
sk-2005,50636154,50636154,1949412601
GAP-web,50636151,50636151,1930292948
GAP-twitter,61578415,61578415,1468364884
twitter7,41652230,41652230,1468365182
it-2004,41291594,41291594,1150725436
webbase-2001,118142155,118142155,1019903190
uk-2005,39459925,39459925,936364282
mycielskian19,393215,393215,903194710
nlpkkt240,27993600,27993600,774472352
arabic-2005,22744080,22744080,639999458
mawi_201512020330,226196185,226196185,480047894
kmer_V1r,214005017,214005017,465410904
nlpkkt200,16240000,16240000,448225632
kmer_A2a,170728175,170728175,360585172
stokes,11449533,11449533,349321980
kmer_P1a,139353211,139353211,297829984
Queen_4147,4147110,4147110,329499284
mawi_201512020130,128568730,128568730,270234840
uk-2002,18520486,18520486,298113762
mycielskian18,196607,196607,300933832
HV15R,2017169,2017169,283073458
rgg_n_2_24_s0,16777216,16777216,265114400
com-Orkut,3072441,3072441,234370166
nlpkkt160,8345600,8345600,229518112
indochina-2004,7414866,7414866,194109311
kron_g500-logn21,2097152,2097152,182082942
mawi_201512020030,68863315,68863315,143414960
kmer_U1a,67716231,67716231,138778562
kmer_V2a,55042369,55042369,117217600
vas_stokes_4M,4382246,4382246,131577616
rgg_n_2_23_s0,8388608,8388608,127002786
Bump_2911,2911419,2911419,127729899
Cube_Coup_dt0,2164760,2164760,127206144
Cube_Coup_dt6,2164760,2164760,127206144
europe_osm,50912018,50912018,108109320
Flan_1565,1564794,1564794,117406044
hollywood-2009,1139905,1139905,113891327
ML_Geer,1504002,1504002,110879972
delaunay_n24,16777216,16777216,100663202
cage15,5154859,5154859,99199551
mycielskian17,98303,98303,100245742
nlpkkt120,3542400,3542400,96845792
dielFilterV3real,1102824,1102824,89306020
kron_g500-logn20,1048576,1048576,89239674
Long_Coup_dt0,1470152,1470152,87088992
Long_Coup_dt6,1470152,1470152,87088992
channel-500x100x100-b050,4802000,4802000,85362744
mawi_201512020000,35991342,35991342,74485420
ljournal-2008,5363260,5363260,79023142
audikw_1,943695,943695,77651847
bone010,986703,986703,71666325
com-LiveJournal,3997962,3997962,69362378
hugebubbles-00020,21198119,21198119,63580358
soc-LiveJournal1,4847571,4847571,68993773
vas_stokes_2M,2146677,2146677,65129037
GAP-road,23947347,23947347,57708624
road_usa,23947347,23947347,57708624
Serena,1391349,1391349,64531701
hugebubbles-00010,19458087,19458087,58359528
Geo_1438,1437960,1437960,63156690
rgg_n_2_22_s0,4194304,4194304,60718396
Hook_1498,1498023,1498023,60917445
circuit5M,5558326,5558326,59524291
hugebubbles-00000,18318143,18318143,54940162
wb-edu,9845725,9845725,57156537
boneS10,914898,914898,55468422
hugetrace-00020,16002413,16002413,47997626
nv2,1453908,1453908,52728362
af_shell10,1508065,1508065,52672325
delaunay_n23,8388608,8388608,50331568
dielFilterV2real,1157456,1157456,48538952
ldoor,952203,952203,46522475
wikipedia-20070206,3566907,3566907,45030389
spal_004,10203,321696,46168124
mawi_201512012345,18571154,18571154,38040320
kron_g500-logn19,524288,524288,43562265
Hardesty3,8217820,7591564,40451632
relat9,12360060,549336,38955420
Emilia_923,923136,923136,41005206
wikipedia-20061104,3148440,3148440,39383235
hugetrace-00010,12057441,12057441,36164358
dgreen,1200611,1200611,38259877
road_central,14081816,14081816,33866826
wikipedia-20060925,2983494,2983494,37269096
GL7d19,1911130,1955309,37322725
RM07R,381689,381689,37464962
PFlow_742,742793,742793,37138461
sx-stackoverflow,2601977,2601977,36233450
inline_1,503712,503712,36816342
GL7d18,1955309,1548650,35590540
packing-500x100x100-b050,2145852,2145852,34976486
ss,1652680,1652680,34753577
vas_stokes_1M,1090664,1090664,34767207
mycielskian16,49151,49151,33382480
dielFilterV3clx,420408,420408,32886208
coPapersCiteseer,434102,434102,32073440
soc-Pokec,1632803,1632803,30622564
coPapersDBLP,540486,540486,30491458
GL7d20,1437547,1911130,29893084
rgg_n_2_21_s0,2097152,2097152,28975990
adaptive,6815744,6815744,27248640
asia_osm,11950757,11950757,25423206
wiki-topcats,1791489,1791489,28511807
nlpkkt80,1062400,1062400,28704672
mouse_gene,45101,45101,28967291
Fault_639,638802,638802,28614564
nd24k,72000,72000,28715634
germany_osm,11548845,11548845,24738362
ML_Laplace,377002,377002,27689972
cage14,1505785,1505785,27130349
FullChip,2987012,2987012,26621990
CurlCurl_4,2380515,2380515,26515867
rel9,9888048,274669,23667183
F1,343791,343791,26837113
delaunay_n22,4194304,4194304,25165738
GL7d17,1548650,955128,25978098
NLR,4163763,4163763,24975952
human_gene1,22283,22283,24669643
Freescale2,2999349,2999349,23042677
Transport,1602111,1602111,23500731
AS365,3799275,3799275,22736152
hugetric-00020,7122792,7122792,21361554
333SP,3712815,3712815,22217266
as-Skitter,1696415,1696415,22190596
12month1,12471,872622,22624727
CoupCons3D,416800,416800,22322336
M6,3501776,3501776,21003872
hugetric-00010,6592765,6592765,19771708
gsm_106857,589446,589446,21758924
rajat31,4690002,4690002,20316253
StocF-1465,1465137,1465137,21005389
kron_g500-logn18,262144,262144,21165908
fem_hifreq_circuit,491100,491100,20239237
msdoor,415863,415863,20240935
bundle_adj,513351,513351,20208051
circuit5M_dc,3523317,3523317,19194193
wikipedia-20051105,1634989,1634989,19753078
Freescale1,3428755,3428755,18920347
eu-2005,862664,862664,19235140
hugetric-00000,5824554,5824554,17467046
great-britain_osm,7733822,7733822,16313034
Ga41As41H72,268096,268096,18488476
GL7d21,822922,1437547,18174775
human_gene2,14340,14340,18068388
cit-Patents,3774768,3774768,16518948
af_shell1,504855,504855,17588875
af_shell2,504855,504855,17588875
af_shell3,504855,504855,17588875
af_shell4,504855,504855,17588875
af_shell5,504855,504855,17588875
af_shell6,504855,504855,17588875
af_shell7,504855,504855,17588875
af_shell8,504855,504855,17588875
af_shell9,504855,504855,17588875
af_0_k101,503625,503625,17550675
af_1_k101,503625,503625,17550675
af_2_k101,503625,503625,17550675
af_3_k101,503625,503625,17550675
af_4_k101,503625,503625,17550675
af_5_k101,503625,503625,17550675
venturiLevel3,4026819,4026819,16108474
3Dspectralwave,680943,680943,17165766
in-2004,1382908,1382908,16917053
italy_osm,6686493,6686493,14027956
patents,3774768,3774768,14970767
TSOPF_RS_b2383,38120,38120,16171169
TSOPF_RS_b2383_c1,38120,38120,16171169
memchip,2707524,2707524,14810202
kkt_power,2063494,2063494,14612663
hugetrace-00000,4588484,4588484,13758266
Si41Ge41H72,185639,185639,15011265
higgs-twitter,456626,456626,14855842
pkustk14,151926,151926,14836504
GL7d16,955128,460261,14488881
nd12k,36000,36000,14220946
crankseg_2,63838,63838,14148858
rgg_n_2_20_s0,1048576,1048576,13783240
CurlCurl_3,1219574,1219574,13544618
JP,87616,67320,13734559
delaunay_n21,2097152,2097152,12582816
BenElechi1,245874,245874,13150496
TSOPF_FS_b300_c3,84414,84414,13135930
test1,392908,392908,12968200
halfb,224617,224617,12387821
Hardesty1,938905,938905,12143314
troll,213453,213453,11985111
fullb,199187,199187,11708077
pwtk,217918,217918,11634424
tp-6,142752,1014301,11537419
kim2,456976,456976,11330020
bmw3_2,227362,227362,11288630
fcondp2,201822,201822,11294316
SiO2,155331,155331,11283503
rail4284,4284,1096894,11284032
ohne2,181343,181343,11063545
mycielskian15,24575,24575,11111110
hood,220542,220542,10768436
atmosmodl,1489752,1489752,10319760
atmosmodm,1489752,1489752,10319760
Si87H76,240369,240369,10661631
bmwcra_1,148770,148770,10644002
crankseg_1,52804,52804,10614210
mip1,66463,66463,10352819
kron_g500-logn17,131072,131072,10228360
x104,108384,108384,10167624
shipsec5,179860,179860,10113096
flickr,820878,820878,9837214
m_t1,97578,97578,9753570
pattern1,19242,19242,9323432
gupta3,16783,16783,9323427
atmosmodd,1270432,1270432,8814880
atmosmodj,1270432,1270432,8814880
CurlCurl_2,806529,806529,8921789
gearbox,153746,153746,9080404
thermal2,1228045,1228045,8580313
bibd_22_8,231,319770,8953560
Ga19As19H42,133123,133123,8884839
TSOPF_RS_b678_c2,35696,35696,8781949
TSOPF_FS_b300_c2,56814,56814,8767466
torso1,116158,116158,8516500
Ge99H100,112985,112985,8451395
Rucci1,1977885,109900,7791168
GL7d22,349443,822922,8251000
bibd_20_10,190,184756,8314020
PR02R,161070,161070,8185136
degme,185501,659415,8127528
G3_circuit,1585478,1585478,7660826
ship_003,121728,121728,8086034
rail2586,2586,923269,8011362
Ge87H76,112985,112985,7892195
TEM181302,181302,181302,7839010
shipsec1,140874,140874,7813404
web-BerkStan,685230,685230,7600595
Stanford_Berkeley,683446,683446,7583376
specular,477976,1600,7647616
CO,221119,221119,7666057
radiation,223104,223104,7637688
cont1_l,1918399,1921596,7031999
cage13,445315,445315,7479343
pkustk12,94653,94653,7512317
3Dspectralwave2,292008,292008,7307376
sls,1748122,62729,6804304
bmw7st_1,141347,141347,7339667
nd6k,18000,18000,6897316
auto,448695,448695,6629222
TSOPF_RS_b2052_c1,25626,25626,6761100
boneS01,127224,127224,6715152
rgg_n_2_19_s0,524288,524288,6539532
shipsec8,114919,114919,6653399
pkustk13,94893,94893,6616827
delaunay_n20,1048576,1048576,6291372
Chevron4,711450,711450,6376412
NACA0015,1039183,1039183,6229636
TEM152078,152078,152078,6459326
rajat30,643994,643994,6175377
marine1,400320,400320,6226538
com-Youtube,1134890,1134890,5975248
GL7d15,460261,171375,6080381
roadNet-CA,1971281,1971281,5533214
pre2,659033,659033,5959282
Ga10As10H30,113081,113081,6115633
ESOC,327062,37830,6019939
consph,83334,83334,6010480
Hamrle3,1447360,1447360,5514242
Ga3As3H12,61349,61349,5970947
cont11_l,1468599,1961394,5382999
Goodwin_127,178437,178437,5778545
wiki-Talk,2394385,2394385,5021410
largebasis,440020,440020,5560100
LargeRegFile,2111154,801374,4944201
netherlands_osm,2216688,2216688,4882476
para-10,155924,155924,5416358
para-5,155924,155924,5416358
para-6,155924,155924,5416358
para-7,155924,155924,5416358
para-8,155924,155924,5416358
para-9,155924,155924,5416358
web-Google,916428,916428,5105039
amazon-2008,735323,735323,5158388
Chebyshev4,68121,68121,5377761
para-4,153226,153226,5326228
ecology2,999999,999999,4995991
ecology1,1000000,1000000,4996000
tmt_sym,726713,726713,5080961
F2,71505,71505,5294285
pkustk11,87804,87804,5217912
Si34H36,97569,97569,5156379
mono_500Hz,169410,169410,5036288
rajat29,643994,643994,4866270
apache2,715176,715176,4817870
kron_g500-logn16,65536,65536,4912469
t2em,921632,921632,4590832
tmt_unsym,917825,917825,4584801
s3dkq4m2,90449,90449,4820891
tx2010,914231,914231,4456272
engine,143571,143571,4706073
ship_001,34920,34920,4644230
debr,1048576,1048576,4194298
torso3,259156,259156,4429042
thread,29736,29736,4470048
TF19,241029,317955,4370721
TSOPF_RS_b300_c3,42138,42138,4413449
TSOPF_FS_b300,29214,29214,4400122
TSOPF_FS_b300_c1,29214,29214,4400122
TSOPF_RS_b678_c1,18696,18696,4396289
t3dh,79171,79171,4352105
t3dh_a,79171,79171,4352105
t3dh_e,79171,79171,4352105
pdb1HYS,36417,36417,4344765
pkustk10,80676,80676,4308984
Hardesty2,929901,303645,4020731
offshore,259789,259789,4242673
Delor338K,343236,887058,4211599
roadNet-TX,1393383,1393383,3843320
gupta2,62064,62064,4248286
pkustk04,55590,55590,4218660
iChem_Jacobian,274087,274087,4137369
ASIC_680k,682862,682862,3871773
vsp_bcsstk30_500sep_10in_1Kout,58348,58348,4033156
cant,62451,62451,4007383
barrier2-10,115625,115625,3897557
barrier2-11,115625,115625,3897557
barrier2-12,115625,115625,3897557
barrier2-9,115625,115625,3897557
IMDB,428440,896308,3782463
xenon2,157464,157464,3866688
laminar_duct3D,67173,67173,3833077
parabolic_fem,525825,525825,3674625
barrier2-1,113076,113076,3805068
barrier2-2,113076,113076,3805068
barrier2-3,113076,113076,3805068
barrier2-4,113076,113076,3805068
s3dkt3m2,90449,90449,3753461
s4dkt3m2,90449,90449,3753461
power197k,197156,197156,3698357
smt,25710,25710,3753184
ca2010,710145,710145,3489366
mycielskian14,12287,12287,3695512
wiki-talk-temporal,1140149,1140149,3309592
Dubcova3,146689,146689,3636649
stormG2_1000,528185,1377306,3459881
ifiss_mat,96307,96307,3599932
oilpan,73752,73752,3597188
belgium_osm,1441295,1441295,3099940
ch8-8-b5,564480,376320,3386880
Chevron3,381381,381381,3413113
FEM_3D_thermal2,147900,147900,3489300
amazon0601,403394,403394,3387388
amazon0505,410236,410236,3356824
roadNet-PA,1090920,1090920,3083796
webbase-1M,1000005,1000005,3105536
m14b,214765,214765,3358036
GaAsH6,61349,61349,3381809
amazon0312,400727,400727,3200440
stat96v3,33841,1113780,3317736
bibd_19_9,171,92378,3325608
cnr-2000,325557,325557,3216152
delaunay_n19,524288,524288,3145646
nd3k,9000,9000,3279690
Goodwin_095,100037,100037,3226066
pkustk08,22209,22209,3226671
3dtube,45330,45330,3213618
rgg_n_2_18_s0,262144,262144,3094566
sme3Dc,42930,42930,3148656
TSOPF_FS_b39_c30,120216,120216,3121160
pkustk03,63336,63336,3130416
net150,43520,43520,3121200
cfd2,123440,123440,3087898
stomach,213360,213360,3021648
srb1,54924,54924,2962152
TSOPF_RS_b300_c2,28338,28338,2943887
thermomech_dK,204316,204316,2846228
Trec14,3159,15905,2872265
helm2d03,392257,392257,2741935
ramage02,16830,16830,2866352
stat96v2,29089,957432,2852184
ins2,309412,309412,2751484
nxp1,414604,414604,2656177
windtunnel_evap3d,40816,40816,2730600
filter3D,106437,106437,2707179
ASIC_320k,321821,321821,2635364
GL7d23,105054,349443,2695430
matrix-new_3,125329,125329,2678750
ct20stif,52329,52329,2698463
pct20stif,52329,52329,2698463
nasasrb,54870,54870,2677324
ch7-9-b5,423360,317520,2540160
cop20k_A,121192,121192,2624331
net125,36720,36720,2577200
pkustk06,43164,43164,2571768
power9,155376,155376,2512300
ASIC_680ks,682712,682712,2329176
CurlCurl_1,226451,226451,2472071
fl2010,484481,484481,2346294
Delor295K,295734,1823928,2401323
nv1,75468,75468,2449194
wheel_601,902103,723605,2170814
net4-1,88343,88343,2441727
c8_mat11,4562,5761,2462970
c8_mat11_I,4562,5761,2462970
tsyl201,20685,20685,2454957
c-big,345241,345241,2341011
vsp_msc10848_300sep_100in_1Kout,21996,21996,2442056
pkustk07,16860,16860,2418804
TSOPF_FS_b162_c4,40798,40798,2398220
Stanford,281903,281903,2312497
web-Stanford,281903,281903,2312497
poisson3Db,85623,85623,2374949
citationCiteseer,268495,268495,2313294
rma10,46835,46835,2374001
vanbody,47072,47072,2336898
il2010,451554,451554,2164464
mc2depi,525825,525825,2100225
exdata_1,6001,6001,2269501
H2O,67024,67024,2216736
darcy003,389874,389874,2101242
mario002,389874,389874,2101242
neos3,512209,518832,2055024
pkustk05,37164,37164,2205144
com-DBLP,317080,317080,2099732
pa2010,421545,421545,2058462
144,144649,144649,2148786
gupta1,31802,31802,2164210
wave,156317,156317,2118662
matrix_9,103430,103430,2121550
analytics,303813,303813,2006126
bcsstk39,46772,46772,2089294
sme3Db,29067,29067,2081063
cage12,130228,130228,2032536
rajat24,358172,358172,1948235
water_tank,60740,60740,2035281
coAuthorsDBLP,299067,299067,1955352
bcsstk30,28924,28924,2043492
net100,29920,29920,2033200
rajat21,411676,411676,1893370
bcsstk32,44609,44609,2014701
TSC_OPF_1047,8140,8140,2016902
ch8-8-b4,376320,117600,1881600
mixtank_new,29957,29957,1995041
TSOPF_FS_b39_c19,76216,76216,1977600
loc-Gowalla,196591,196591,1900654
watson_2,352013,677224,1846391
com-Amazon,334863,334863,1851744
trdheim,22098,22098,1935324
opt1,15449,15449,1930655
ASIC_320ks,321671,321671,1827807
conf5_4-8x8-05,49152,49152,1916928
conf5_4-8x8-10,49152,49152,1916928
conf5_4-8x8-15,49152,49152,1916928
conf5_4-8x8-20,49152,49152,1916928
conf6_0-8x8-20,49152,49152,1916928
conf6_0-8x8-30,49152,49152,1916928
conf6_0-8x8-80,49152,49152,1916928
imagesensor,118758,118758,1893170
n4c6-b9,186558,198895,1865580
Zd_Jac3,22835,22835,1916152
oh2010,365344,365344,1768240
GL7d14,171375,47271,1831183
appu,14000,14000,1853104
n4c6-b8,198895,163215,1790055
cfd1,70656,70656,1828364
Lin,256000,256000,1766400
ny2010,350169,350169,1709544
lp1,534388,534388,1643420
Goodwin_071,56021,56021,1797934
TSOPF_FS_b162_c3,30798,30798,1801300
IG5-18,47894,41550,1790490
invextr1_new,30412,30412,1793881
crashbasis,160000,160000,1750416
majorbasis,160000,160000,1750416
karted,46502,133115,1770349
bbmat,38744,38744,1771722
mo2010,343565,343565,1656568
crystk03,24696,24696,1751178
pcrystk03,24696,24696,1751178
fem_filter,74062,74062,1731206
turon_m,189924,189924,1690876
bibd_18_9,153,48620,1750320
venkat01,62424,62424,1717792
venkat25,62424,62424,1717792
venkat50,62424,62424,1717792
gas_sensor,66917,66917,1703365
dblp-2010,326186,326186,1615400
Zd_Jac6,22835,22835,1711983
coAuthorsCiteseer,227320,227320,1628268
d_pretok,182730,182730,1641672
av41092,41092,41092,1683902
ch7-9-b4,317520,105840,1587600
mi2010,329885,329885,1578090
neos,479119,515905,1526794
ns3Da,20414,20414,1679599
qa8fk,66127,66127,1660579
qa8fm,66127,66127,1660579
2cubes_sphere,101492,101492,1647264
delaunay_n18,262144,262144,1572792
boyd2,466316,466316,1500397
Zd_Jac2,22835,22835,1642833
TF18,95368,123867,1597545
web-NotreDame,325729,325729,1497134
NotreDame_actors,392400,127823,1470404
pkustk09,33960,33960,1583640
lp_nug30,52260,379350,1567800
sparsine,50000,50000,1548988
lhr71,70304,70304,1528092
lhr71c,70304,70304,1528092
598a,110971,110971,1483868
ga2010,291086,291086,1418056
mosfet2,46994,46994,1499460
nemeth25,9506,9506,1511758
nemeth26,9506,9506,1511760
nc2010,288987,288987,1416620
nemeth23,9506,9506,1506810
nemeth24,9506,9506,1506550
EternityII_E,11077,262144,1503732
rgg_n_2_17_s0,131072,131072,1457506
n4c6-b10,132402,186558,1456422
va2010,285762,285762,1402128
net75,23120,23120,1489200
raefsky3,21200,21200,1488768
thermomech_dM,204316,204316,1423116
windscreen,22692,22692,1482390
TSOPF_RS_b300_c1,14538,14538,1474325
vfem,93476,93476,1434636
std1_Jac3,21982,21982,1455848
bcsstk35,30237,30237,1450163
relat8,345688,12347,1334038
lp_osa_60,10280,243246,1408073
hvdc2,189860,189860,1347273
Raj1,263743,263743,1302464
heart1,3557,3557,1387773
in2010,267071,267071,1281716
ok2010,269118,269118,1274148
nemeth22,9506,9506,1358832
n4c6-b7,163215,104115,1305720
fe_rotor,99617,99617,1324862
li,22695,22695,1350309
pli,22695,22695,1350309
language,399130,399130,1216334
mac_econ_fwd500,206500,206500,1273389
c-73,169422,169422,1279274
c-73b,169422,169422,1279274
raefsky4,19779,19779,1328611
SiO,33401,33401,1317655
amazon0302,262111,262111,1234877
Maragal_8,33212,75077,1308415
Linux_call_graph,324085,324085,1208908
al2010,252266,252266,1230482
mn2010,259777,259777,1227102
wi2010,253096,253096,1209404
caidaRouterLevel,192244,192244,1218132
az2010,241666,241666,1196094
tn2010,240116,240116,1193966
twotone,120750,120750,1224224
std1_Jac2,21982,21982,1248731
boyd1,93279,93279,1211231
msc10848,10848,10848,1229778
mycielskian13,6143,6143,1227742
Maragal_7,46845,26564,1200537
ks2010,238600,238600,1121798
xenon1,48600,48600,1181120
bcsstk31,35588,35588,1181416
struct3,53570,53570,1173694
denormal,89400,89400,1156224
nemeth21,9506,9506,1173746
landmark,71952,2704,1151232
viscorocks,37762,37762,1162244
EternityII_Etilde,10054,204304,1170516
dbir2,18906,45877,1158159
msc23052,23052,23052,1154814
bcsstk36,23052,23052,1143140
vsp_finan512_scagr7-2c_rlfddd,139752,139752,1104040
bcsstk37,25503,25503,1140977
pds-100,156243,514577,1096002
connectus,512,394792,1127525
watson_1,201155,386992,1055093
kneser_10_4_1,349651,330751,992252
ex11,16614,16614,1096948
TSOPF_RS_b39_c30,60098,60098,1079986
dbic1,43200,226317,1081843
ia2010,216007,216007,1021170
ts-palko,22002,47235,1076903
dbir1,18804,45775,1077025
3D_51448_3D,51448,51448,1056610
ibm_matrix_2,51448,51448,1056610
torso2,115967,115967,1033473
pds-90,142823,475448,1014136
case39,40216,40216,1042160
nemsemm1,3945,75352,1053986
Dubcova2,65025,65025,1030225
la2010,204447,204447,980634
cont-300,180895,180895,988195
or2010,196621,196621,979512
IG5-17,30162,27944,1035008
Goodwin_054,32510,32510,1030878
co2010,201062,201062,974574
NotreDame_www,325729,325729,929849
G_n_pin_pout,100000,100000,1002396
smallworld,100000,100000,999996
preferentialAttachment,100000,100000,999970
dawson5,51537,51537,1010777
gyro,17361,17361,1021159
gyro_k,17361,17361,1021159
rim,22560,22560,1014951
transient,178866,178866,961790
olafu,16146,16146,1015156
scircuit,170998,170998,958936
2D_54019_highK,54019,54019,996414
wa2010,195574,195574,947432
sx-superuser,194085,194085,924886
ASIC_100k,99340,99340,954163
pkustk01,22044,22044,979380
HTC_336_4438,226340,226340,904522
sinc18,16428,16428,973826
ne2010,193352,193352,913854
soc-Slashdot0902,82168,82168,948464
nemeth20,9506,9506,971870
crystk02,13965,13965,968583
pcrystk02,13965,13965,968583
pds-80,129181,434580,927826
crplat2,18010,18010,960946
ar2010,186211,186211,904310
HTC_336_9129,226340,226340,883422
sc2010,181908,181908,893160
net50,16320,16320,945200
kim1,38415,38415,933195
rel8,345688,12347,821839
HFE18_96_in,2372,4096,933343
mesh_deform,234023,9393,853829
fe_tooth,78136,78136,905182
soc-Slashdot0811,77360,77360,905468
sgpf5y6,246077,312540,831976
ss1,205282,205282,845089
nw14,73,123409,904910
tube1,21498,21498,897056
tube2,21498,21498,897056
ms2010,171778,171778,839980
vsp_vibrobox_scagr7-2c_rlfddd,77328,77328,871172
ch7-8-b5,141120,141120,846720
nm2010,168609,168609,830970
nj2010,169588,169588,829912
soc-sign-epinions,131828,131828,841372
c-71,76638,76638,859554
Si10H16,17077,17077,875923
sme3Da,12504,12504,874887
pds-70,114944,390005,833465
shar_te2-b3,200200,200200,800800
m133-b3,200200,200200,800800
fe_ocean,143437,143437,819186
g7jac200,59310,59310,837936
g7jac200sc,59310,59310,837936
mk13-b5,135135,270270,810810
n4c6-b11,69235,132402,830820
fp,7548,7548,848553
ky2010,161672,161672,787778
Chevron2,90249,90249,803173
delaunay_n17,131072,131072,786352
ma2010,157508,157508,776610
TSC_OPF_300,9774,9774,820804
nemeth19,9506,9506,818302
TSOPF_RS_b162_c4,20374,20374,812749
pkustk02,10800,10800,810000
vsp_mod2_pgp2_slptsk,101364,101364,778736
dc1,116835,116835,766396
dc2,116835,116835,766396
dc3,116835,116835,766396
trans4,116835,116835,766396
trans5,116835,116835,766396
Baumann,112211,112211,760631
image_interp,240000,120000,711683
EternityII_A,7362,150638,782087
Andrews,60000,60000,760154
copter2,55476,55476,759952
copter2,55476,55476,759952
id2010,149842,149842,728264
G2_circuit,150102,150102,726674
lhr34,35152,35152,764014
lhr34c,35152,35152,764014
bundle1,10581,10581,770901
olesnik0,88263,88263,744216
g7jac180,53370,53370,747276
g7jac180sc,53370,53370,747276
n4c6-b6,104115,51813,728805
brack2,62631,62631,733118
pds-60,99431,336421,719557
ch7-8-b4,141120,58800,705600
md2010,145247,145247,700378
thermomech_TC,102158,102158,711558
thermomech_TK,102158,102158,711558
Si5H12,19896,19896,738598
TSOPF_FS_b39_c7,28216,28216,730080
c-72,84064,84064,707558
c-64,51035,51035,717841
c-64b,51035,51035,717841
neos2,132568,134128,685087
pf2177,9728,9728,725144
nemeth01,9506,9506,725054
Zd_Jac3_db,22835,22835,713907
Pres_Poisson,14822,14822,715804
cyl6,13681,13681,714241
wv2010,135218,135218,662922
rgg_n_2_16_s0,65536,65536,684254
nsct,23003,37563,697738
nemeth18,9506,9506,695234
TSOPF_RS_b39_c19,38098,38098,684206
ex3sta1,16782,16782,678998
Zd_Jac2_db,22835,22835,676439
heart2,2339,2339,682797
heart3,2339,2339,682797
mt2010,132288,132288,638668
c-70,68924,68924,658986
cbuckle,13681,13681,676515
bibd_17_8,136,24310,680680
Delor64K,64719,1785345,652140
rajat16,94294,94294,641159
rajat17,94294,94294,641159
g7jac160,47430,47430,656616
g7jac160sc,47430,47430,656616
tomographic1,73159,59498,647495
Zd_Jac6_db,22835,22835,663643
nd2010,133769,133769,625946
shar_te2-b2,200200,17160,600600
blockqp1,60012,60012,640033
Trec13,1301,6561,654517
sx-askubuntu,159316,159316,596933
c-69,67458,67458,623970
neos1,131581,133473,599590
patents_main,240547,240547,560943
rajat25,87190,87190,607235
rajat28,87190,87190,607235
rajat20,86916,86916,605045
nemeth17,9506,9506,629620
k49_norm_10NN,38547,38547,618158
bcsstk29,13992,13992,619488
LeGresley_87936,87936,87936,593276
finan512,74752,74752,596992
pfinan512,74752,74752,596992
vsp_bump2_e18_aa01_model1_crew1,56438,56438,601602
pds-50,83060,275814,590833
TSOPF_RS_b162_c3,15374,15374,610299
TSOPF_FS_b162_c1,10798,10798,608540
ASIC_100ks,99190,99190,578890
mri1,65536,147456,589824
ut2010,115406,115406,572066
3D_28984_Tetra,28984,28984,599170
lp_osa_30,4350,104374,604488
ncvxqp7,87500,87500,574962
thermal1,82654,82654,574458
GL7d24,21074,105054,593892
TF17,38132,48630,586218
bcsstk33,8738,8738,591904
IG5-16,18846,18485,588326
rajat23,110355,110355,556938
crystm03,24696,24696,583770
stat96v1,5995,197472,588798
mri2,63240,147456,569160
nemeth16,9506,9506,587012
bas1lp,5411,9825,587775
c-68,64810,64810,566006
k1_san,67759,67759,559774
rail_79841,79841,79841,553921
g7jac140,41490,41490,565956
g7jac140sc,41490,41490,565956
ford2,100196,100196,544688
wathen120,36441,36441,565761
soc-sign-Slashdot090221,82144,82144,549202
stokes128,49666,49666,558594
c-62,41731,41731,559343
c-62ghs,41731,41731,559343
soc-sign-Slashdot090216,81871,81871,545671
cage11,39082,39082,559722
sinc15,11532,11532,568526
apache1,80800,80800,542184
Goodwin_040,17922,17922,561677
c-58,37595,37595,552557
Trefethen_20000,20000,20000,554466
Trefethen_20000b,19999,19999,554435
e40r0100,17281,17281,553562
c-67,57975,57975,531935
c-67b,57975,57975,531935
hcircuit,105676,105676,513072
Maragal_6,21255,10152,537694
psmigr_1,3140,3140,543162
psmigr_3,3140,3140,543162
nemeth15,9506,9506,539802
soc-sign-Slashdot081106,77357,77357,516575
psmigr_2,3140,3140,540022
std1_Jac3_db,21982,21982,531826
soc-Epinions1,75888,75888,508837
lung2,109460,109460,492564
gridgena,48962,48962,512084
ted_AB,10605,10605,522387
ted_AB_unscaled,10605,10605,522387
ncvxqp3,75000,75000,499964
t3dl,20360,20360,509866
t3dl_a,20360,20360,509866
rajat18,94294,94294,485143
c-66,49989,49989,499007
c-66b,49989,49989,499007
vsp_c-60_data_cti_cs4,85830,85830,482160
ch8-8-b3,117600,18816,470400
email-EuAll,265214,265214,420045
std1_Jac2_db,21982,21982,498771
fxm4_6,18892,18892,497844
nemeth14,9506,9506,496144
c-59,41282,41282,480536
stat96v4,3173,63076,491336
af23560,23560,23560,484256
tandem_dual,94069,94069,460493
epb3,84617,84617,463625
pds-40,66844,217531,466800
fome21,67748,216350,465294
g7jac120,35550,35550,475296
g7jac120sc,35550,35550,475296
OPF_10000,43887,43887,467711
wathen100,30401,30401,471601
nemeth13,9506,9506,474472
cont-201,80595,80595,438795
qc2534,2534,2534,463360
ex40,7740,7740,458012
ch7-9-b3,105840,17640,423360
wy2010,86204,86204,427586
rajat15,37261,37261,443573
stormg2-125,66185,172431,433256
2D_27628_bjtcai,27628,27628,442898
nemeth12,9506,9506,446818
c-63,44234,44234,434704
TEM27623,27623,27623,439469
onera_dual,85567,85567,419201
loc-Brightkite,58228,58228,428156
ncvxqp5,62500,62500,424966
nv2010,84538,84538,416998
sd2010,88360,88360,410722
helm3d01,32226,32226,428444
FEM_3D_thermal1,17880,17880,430740
GT01R,7980,7980,430909
cit-HepPh,34546,34546,421578
bcsstk17,10974,10974,428650
t0331-4l,664,46915,430982
ted_A,10605,10605,424587
ted_A_unscaled,10605,10605,424587
cz40948,40948,40948,412148
mark3jac140,64089,64089,399735
mark3jac140sc,64089,64089,399735
c-57,37833,37833,405197
light_in_tissue,29282,29282,406084
delaunay_n16,65536,65536,393150
c-55,32780,32780,403450
nemeth11,9506,9506,408264
rail507,507,63516,409856
mycielskian12,3071,3071,407200
fxm3_16,41340,85575,392252
nemeth10,9506,9506,401448
net25,9520,9520,401200
rail582,582,56097,402290
ca-AstroPh,18772,18772,396160
c-54,31793,31793,391693
nemeth09,9506,9506,395506
bcircuit,68902,68902,375558
nemeth07,9506,9506,394812
nemeth08,9506,9506,394816
nemeth02,9506,9506,394808
nemeth03,9506,9506,394808
nemeth04,9506,9506,394808
nemeth05,9506,9506,394808
nemeth06,9506,9506,394808
ecl32,51993,51993,380415
garon2,13535,13535,390607
vsp_model1_crew1_cr42_south31,45101,45101,379952
g7jac100,29610,29610,384636
g7jac100sc,29610,29610,384636
flower_8_4,55081,125361,375266
lp_ken_18,105127,154699,358171
vsp_south31_slptsk,39668,39668,379828
c-56,35910,35910,380900
nmos3,18588,18588,386594
viscoplastic2,32769,32769,381326
RFdevice,74104,74104,365580
lhr17,17576,17576,381975
lhr17c,17576,17576,381975
k3plates,11107,11107,378927
c-53,30235,30235,372213
a0nsdsil,80016,80016,355034
email-Enron,36692,36692,367662
c-65,48066,48066,360528
usroads,129164,129164,330870
a2nnsnsl,80016,80016,347222
GL7d13,47271,8899,356232
cvxbqp1,50000,50000,349968
ncvxbqp1,50000,50000,349968
usroads-48,126146,126146,323900
cond-mat-2005,40421,40421,351386
cit-HepTh,27770,27770,352807
HEP-th-new,27770,27770,352807
mark3jac120,54929,54929,342475
mark3jac120sc,54929,54929,342475
bibd_16_8,120,12870,360360
ct2010,67578,67578,336352
me2010,69518,69518,335476
bcsstk38,8032,8032,355460
pds-30,49944,158489,340635
poisson3Da,13514,13514,352762
shyy161,76480,76480,329762
shallow_water1,81920,81920,327680
shallow_water2,81920,81920,327680
onetone1,36057,36057,341088
HEP-th,27240,27240,342437
ckt11752_dc_1,49702,49702,333029
ckt11752_tr_0,49702,49702,333029
vibrobox,12328,12328,342828
gyro_m,17361,17361,340431
Franz11,47104,30144,329728
Chevron1,37365,37365,330633
fe_body,45087,45087,327468
Kuu,7102,7102,340200
n4c6-b12,25605,69235,332865
rlfprim,58866,62716,320591
lpl1,32460,32460,328036
graham1,9035,9035,335504
pwt,36519,36519,326107
pwt,36519,36519,326107
pwt,36519,36519,326107
circuit_4,80209,80209,307604
EAT_RS,23219,23219,325592
EAT_SR,23219,23219,325589
mk12-b4,62370,51975,311850
inlet,11730,11730,328323
rgg_n_2_15_s0,32768,32768,320480
bcsstm36,23052,23052,320606
n4c6-b5,51813,20058,310878
crystm02,13965,13965,322905
IG5-15,11369,11987,323509
goodwin,7320,7320,324784
c-61,43618,43618,310016
cegb2919,2919,2919,321543
dixmaanl,60000,60000,299998
lp_osa_14,2337,54797,317097
crystk01,4875,4875,315891
Goodwin_030,10142,10142,312814
rail516,516,47827,315412
c-60,43640,43640,298578
lhr14,14270,14270,307858
lhr14c,14270,14270,307858
OPF_6000,29902,29902,302418
finance256,37376,37376,298496
waveguide3D,21036,21036,303468
lp_nug20,15240,72600,304800
208bit,24430,24421,299756
Na5,5832,5832,305630
FX_March2010,1319,9498,301899
g7jac080,23670,23670,293976
g7jac080sc,23670,23670,293976
fome13,48568,97840,285056
Reuters911,13332,13332,296076
mark3jac100,45769,45769,285215
mark3jac100sc,45769,45769,285215
enron,69244,69244,276143
EX6,6545,6545,295680
EX5,6545,6545,295680
us04,163,28016,297538
sinc12,7500,7500,294986
bayer01,57735,57735,277774
raefsky1,3242,3242,294276
raefsky2,3242,3242,294276
vsp_sctap1-2b_and_seymourl,40174,40174,281662
bcsstk16,4884,4884,290378
t520,5563,5563,286341
chipcool0,20082,20082,281150
chipcool1,20082,20082,281150
rlfdual,8052,74970,282031
s1rmq4m1,5489,5489,281111
s2rmq4m1,5489,5489,281111
s3rmq4m1,5489,5489,281111
cegb2802,2802,2802,277362
luxembourg_osm,114599,114599,239332
a5esindl,60008,60008,255004
jan99jac120,41374,41374,260202
jan99jac120sc,41374,41374,260202
fxm4_6,22400,47185,265442
deltaX,68600,21961,247424
rat,3136,9408,268908
rajat26,51032,51032,249302
rlfddd,4050,61521,264627
airfoil_2d,14214,14214,259688
lp_cre_b,9648,77137,260785
ex19,12005,12005,259879
wing,62032,62032,243088
ACTIVSg70K,69999,69999,238627
tandem_vtx,18454,18454,253350
Dubcova1,16129,16129,253009
bcsstk25,15439,15439,252241
TSOPF_RS_b39_c7,14098,14098,252446
bibd_81_3,3240,85320,255960
ch7-8-b3,58800,11760,235200
nh2010,48837,48837,234550
cond-mat-2003,31163,31163,240058
lp_cre_d,8926,73948,246614
internet,124651,124651,207214
sx-mathoverflow,24818,24818,239978
astro-ph,16706,16706,242502
worms20_10NN,20055,20055,240826
benzene,8219,8219,242669
fome20,33874,108175,232647
lp_pds_20,33874,108175,232647
ca-HepPh,12008,12008,237010
mark3jac080,36609,36609,227955
mark3jac080sc,36609,36609,227955
spmsrtls,29995,29995,229947
onetone2,36057,36057,227628
struct4,4350,4350,237798
igbt3,10938,10938,234006
lhr11,10964,10964,233741
lhr11c,10964,10964,233741
lhr10,10672,10672,232633
lhr10c,10672,10672,232633
windtunnel_evap2d,8256,8256,233468
ex35,19716,19716,228208
stat96v5,2307,75779,233921
scfxm1-2r,37980,65943,221388
ak2010,45292,45292,217098
lowThrust_13,18476,18476,224897
lowThrust_12,18458,18458,224593
lowThrust_11,18368,18368,223801
lowThrust_10,18260,18260,222005
jan99jac100,34454,34454,215862
jan99jac100sc,34454,34454,215862
man_5976,5976,5976,225046
ABACUS_shell_hd,23412,23412,218484
ABACUS_shell_ld,23412,23412,218484
ABACUS_shell_md,23412,23412,218484
ABACUS_shell_ud,23412,23412,218484
lowThrust_9,18044,18044,219589
mk12-b3,51975,13860,207900
ch7-7-b5,35280,52920,211680
lowThrust_8,17702,17702,216445
TF16,15437,19321,216173
s1rmt3m1,5489,5489,219521
s2rmt3m1,5489,5489,219521
s3rmt3m1,5489,5489,219521
bcsstk28,4410,4410,219024
mario001,38434,38434,206156
lowThrust_7,17378,17378,211561
minsurfo,40806,40806,203622
copter1,17222,17222,211064
c-47,15343,15343,211401
chem_master1,40401,40401,201201
vsp_barth5_1Ksep_50in_5Kout,32212,32212,203610
route,20894,43019,206782
bfly,49152,49152,196608
lowThrust_6,16928,16928,207349
cz20468,20468,20468,206076
kl02,71,36699,212536
jnlbrng1,40000,40000,199200
flower_7_4,27693,67593,202218
mod2,34774,66409,199810
obstclae,40000,40000,197608
torsion1,40000,40000,197608
c-51,23196,23196,203050
c-52,23948,23948,202716
rajat22,39899,39899,197264
coater2,9540,9540,207308
world,34506,67147,198883
g3rmt3m3,5357,5357,207695
s3rmt3m3,5357,5357,207695
g7jac060,17730,17730,203316
g7jac060sc,17730,17730,203316
delaunay_n15,32768,32768,196548
TSOPF_RS_b162_c1,5374,5374,205399
lowThrust_5,16262,16262,198369
mult_dcop_01,25187,25187,193276
mult_dcop_02,25187,25187,193276
mult_dcop_03,25187,25187,193216
vsp_befref_fxm_2_4_air02,14109,14109,196448
c-50,22401,22401,193625
skirt,12598,12598,196520
skirt,12598,12598,196520
SiNa,5743,5743,198787
t60k,60005,60005,178880
Ill_Stokes,20896,20896,191368
CAG_mat1916,1916,1916,195985
sctap1-2r,28830,63426,186366
dictionary28,52652,52652,178076
ca-CondMat,23133,23133,186936
nemswrld,7138,28550,192283
scsd8-2r,8650,60550,190210
wiki-RfA,11380,11380,188077
brainpc2,27607,27607,179395
D6-6,120576,23740,146880
wang4,26068,26068,177196
wang3,26064,26064,177168
nemsemm2,6943,48878,182012
Goodwin_023,6005,6005,182168
epb2,25228,25228,175027
bratu3d,27792,27792,173796
jan99jac080,27534,27534,171522
jan99jac080sc,27534,27534,171522
t2dah,11445,11445,176117
t2dah_a,11445,11445,176117
t2dah_e,11445,11445,176117
mark3jac060,27449,27449,170695
mark3jac060sc,27449,27449,170695
c-45,13206,13206,174452
Zhao1,33861,33861,166453
Zhao2,33861,33861,166453
IG5-14,6735,7621,173337
nasa2910,2910,2910,174296
nasa2910,2910,2910,174296
SiH4,5041,5041,171903
Muu,7102,7102,170134
c-48,18354,18354,166080
f855_mat9,2456,2511,171214
f855_mat9_I,2456,2511,171214
raefsky5,6316,6316,168658
p2p-Gnutella31,62586,62586,147892
hvdc1,24842,24842,159981
ulevimin,6590,46937,164538
vt2010,32580,32580,155598
bayer04,20545,20545,159082
lowThrust_4,13562,13562,160947
e18,24617,38602,156466
c-49,21132,21132,157042
ccc,49152,49152,147456
OPF_3754,15435,15435,158273
g7jac050sc,14760,14760,157990
Fashion_MNIST_norm_10NN,10000,10000,158304
lock3491,3491,3491,160444
bcsstk24,3562,3562,159910
hangGlider_5,16011,16011,155246
Wordnet3,82670,82670,132964
kmnist_norm_10NN,10000,10000,156932
bloweya,30004,30004,150009
lhr07,7337,7337,156508
lhr07c,7337,7337,156508
192bit,13691,13682,154303
bauru5727,40366,40366,145019
juba40k,40337,40337,144945
nsir,4453,10057,154939
cca,49152,49152,139264
har_10NN,10299,10299,151736
pds10,16558,16558,149658
nug08-3rd,19728,29856,148416
hangGlider_4,15561,15561,149532
shock-9,36476,36476,142580
wing_nodal,10937,10937,150976
cage10,11397,11397,150645
bcsstk18,11948,11948,149090
cari,400,1200,152800
case9,14454,14454,147972
TSOPF_FS_b9_c6,14454,14454,147972
pltexpa,26894,70364,143059
model10,4400,16819,150372
Trec12,551,2726,151219
shermanACb,18510,18510,145149
fome12,24284,48920,142528
abtaha2,37932,331,137228
mnist_test_norm_10NN,10000,10000,145600
ted_B,10605,10605,144579
ted_B_unscaled,10605,10605,144579
rail_20209,20209,20209,139233
lp_maros_r7,3136,9408,144848
lp_osa_07,1118,25067,144812
ACTIVSg10K,20000,20000,137736
mplate,5962,5962,142190
stokes64,12546,12546,140034
stokes64s,12546,12546,140034
bodyy6,19366,19366,134748
rajat10,30202,30202,130303
aug3dcqp,35543,35543,128115
c-39,9271,9271,136811
cavity17,4562,4562,138187
cavity19,4562,4562,138187
cavity21,4562,4562,138187
cavity23,4562,4562,138187
cavity25,4562,4562,138187
cavity16,4562,4562,138187
cavity18,4562,4562,138187
cavity20,4562,4562,138187
cavity22,4562,4562,138187
cavity24,4562,4562,138187
cavity26,4562,4562,138187
cat_ears_4_4,19020,44448,132888
raefsky6,3402,3402,137845
bodyy5,18589,18589,129281
c-46,14913,14913,130397
bibd_15_7,105,6435,135135
mycielskian11,1535,1535,134710
sc205-2r,35213,62423,123239
JapaneseVowelsSmall_10NN,9961,9961,131144
ri2010,25181,25181,125750
jan99jac060,20614,20614,127182
jan99jac060sc,20614,20614,127182
hi2010,25016,25016,124126
memplus,17758,17758,126150
scagr7-2r,32847,46679,120141
aft02,8184,8184,127762
bloweybl,30003,30003,120000
lp_fit2d,25,10524,129042
cvxqp3,17500,17500,122462
aft01,8205,8205,125567
vsp_c-30_data_data,11023,11023,124368
graphics,29493,11822,117954
bodyy4,17546,17546,121938
indianpines_10NN,9144,9144,124656
c-43,11125,11125,123675
psse2,28634,11028,115262
foldoc,13356,13356,120238
de2010,24115,24115,116056
p010,10090,19090,118000
conf5_0-4x4-10,3072,3072,119808
conf5_0-4x4-14,3072,3072,119808
conf5_0-4x4-18,3072,3072,119808
conf5_0-4x4-22,3072,3072,119808
conf5_0-4x4-26,3072,3072,119808
conf6_0-4x4-20,3072,3072,119808
conf6_0-4x4-30,3072,3072,119808
baxter,27441,30733,111576
mark3jac040,18289,18289,113435
mark3jac040sc,18289,18289,113435
bcsstk15,3948,3948,117816
g7jac040,11790,11790,114671
g7jac040sc,11790,11790,114671
south31,18425,36321,112398
scfxm1-2b,19036,33047,111052
as-caida,31379,31379,106762
CurlCurl_0,11083,11083,113343
ex31,3909,3909,115357
vsp_data_and_seymourl,9167,9167,111732
scsd8-2b,5130,35910,112770
scsd8-2c,5130,35910,112770
rajat09,24482,24482,105573
c-42,10471,10471,110285
co9,10789,22924,109651
lp_pds_10,16558,49932,107605
barth5,15606,15606,107362
psse0,26722,11028,102432
vsp_p0291_seymourl_iiasa,10498,10498,107736
Kemelmacher,28452,9693,100875
se,32768,32768,98300
ford1,18728,18728,101576
gen4,1537,4298,107103
ex8,3096,3096,106344
shuttle_eddy,10429,10429,103599
shuttle_eddy,10429,10429,103599
cis-n4c6-b4,20058,5970,100290
n4c6-b4,20058,5970,100290
crystm01,4875,4875,105339
lp_ken_13,28632,42659,97246
rajat27,20640,20640,99777
LF10000,19998,19998,99982
wiki-Vote,8297,8297,103689
nasa4704,4704,4704,104756
nasa4704,4704,4704,104756
cz10228,10228,10228,102876
r05,5190,9690,104145
Franz8,16728,7176,100368
c-41,9769,9769,101745
sctap1-2b,15390,33858,99454
as-22july06,22963,22963,96872
lpl3,10828,33686,100525
Franz10,19588,4164,97508
Franz9,19588,4164,97508
mhd4800a,4800,4800,102252
fe_sphere,16386,16386,98304
delaunay_n14,16384,16384,98244
coupled,11341,11341,98523
cti,16840,16840,96464
lpi_gosh,3792,13455,99953
ex15,6867,6867,98671
stufe-10,24010,24010,92828
cond-mat,16726,16726,95188
piston,2025,2025,100015
p2p-Gnutella30,36682,36682,88328
ex9,3363,3363,99471
big_dual,30269,30269,89858
epb1,14734,14734,95053
linverse,11999,11999,95977
cq9,9278,21534,96653
bayer10,13436,13436,94926
msc04515,4515,4515,97707
stormg2-27,14441,37485,94274
Goodwin_017,3317,3317,97773
comsol,1500,1500,97645
lp_nug15,6330,22275,94950
lp_qap15,6330,22275,94950
hangGlider_3,10260,10260,92703
big,13209,13209,91465
rdist1,4134,4134,94408
fxm3_6,5026,5026,94026
tuma1,22967,22967,87760
cs4,22499,22499,87716
ex26,2163,2163,94033
Maragal_5,4654,3320,93091
IG5-13,3994,4731,91209
biplane-9,21701,21701,84076
air03,124,10757,91028
orani678,2529,2529,90158
model5,1888,11802,89925
jendrec1,2109,4228,89608
cis-n4c6-b13,6300,25605,88200
n4c6-b13,6300,25605,88200
fv2,9801,9801,87025
fv3,9801,9801,87025
t2d_q4,9801,9801,87025
t2d_q9,9801,9801,87025
aug2dc,30200,30200,80000
garon1,3175,3175,88927
rajat08,19362,19362,83443
kineticBatchReactor_9,8115,8115,86183
relat7,21924,1045,81355
relat7b,21924,1045,81355
c-44,10728,10728,85000
fv1,9604,9604,85264
kineticBatchReactor_8,8052,8052,85194
jan99jac040,13694,13694,82842
jan99jac040sc,13694,13694,82842
kineticBatchReactor_7,7968,7968,84508
LFAT5000,19994,19994,79966
aug2d,29008,29008,76832
utm5940,5940,5940,83842
G63,7000,7000,82918
G64,7000,7000,82918
kineticBatchReactor_6,7773,7773,82500
c-40,9941,9941,81501
usps_norm_5NN,11000,11000,81112
176bit,7441,7431,82270
bcsstk13,2003,2003,83883
poli4,33833,33833,73249
lhr04,4101,4101,82682
lhr04c,4101,4101,82682
pesa,11738,11738,79566
kineticBatchReactor_5,7641,7641,80767
lowThrust_3,7064,7064,80645
bips07_3078,21128,21128,75729
dano3mip,3202,15851,81633
GL7d25,2798,21074,81671
gen2,1121,3264,81855
TF15,6334,7742,80057
lp_stocfor3,16675,23541,76473
optdigits_10NN,5620,5620,79650
ex12,3973,3973,80211
xingo3012,20944,20944,74386
lock2232,2232,2232,80352
descriptor_xingo6u,20738,20738,73916
cegb3024,3024,3024,79848
ch7-6-b4,15120,12600,75600
c-38,8127,8127,77689
c-31,5339,5339,78571
ex28,2603,2603,77781
dtoc,24993,24993,69972
aug3d,24300,24300,69984
ncvxqp1,12111,12111,73963
c-37,8204,8204,74676
cavity11,2597,2597,76367
cavity13,2597,2597,76367
cavity15,2597,2597,76367
cavity10,2597,2597,76367
cavity12,2597,2597,76367
cavity14,2597,2597,76367
kineticBatchReactor_4,7105,7105,74869
L-9,17983,17983,71192
ex13,2568,2568,75628
cegb3306,3306,3306,74916
FA,10617,10617,72176
lp_pilot87,2030,6680,74949
fome11,12142,24460,71264
mk11-b3,17325,6930,69300
ex3sta1,17443,17516,68779
nopoly,10774,10774,70842
p2p-Gnutella24,26518,26518,65369
sts4098,4098,4098,72356
ex18,5773,5773,71805
slptsk,2861,3347,72465
bloweybq,10001,10001,69991
aa01,823,8904,72965
air04,823,8904,72965
nasa2146,2146,2146,72250
powersim,15838,15838,67562
EX3,2600,2600,71760
EX4,2600,2600,71760
bips07_2476,16861,16861,66498
bibd_14_7,91,3432,72072
aa03,825,8627,70806
aa3,825,8627,70806
air06,825,8627,70806
ex20,2203,2203,69981
flowmeter0,9669,9669,67391
flowmeter5,9669,9669,67391
lp_wood1p,244,2595,70216
lp22,2958,16392,68518
Oregon-2,11806,11806,65460
fe_4elt2,11143,11143,65636
car4,16384,33052,63724
mhd3200a,3200,3200,68026
nemspmm2,2301,8734,68225
rajat07,14842,14842,63913
fd18,16428,16428,63406
ex37,3565,3565,67591
c-36,7479,7479,65941
bayer02,13935,13935,63679
ex14,3251,3251,66775
thermal,3456,3456,66528
testbig,17613,31223,61639
c-30,5321,5321,65693
lpi_bgindy,2671,10880,66266
bips07_1998,15066,15066,62198
crack_dual,20141,20141,60086
barth5,15606,15606,61484
lp_pds_06,9881,29351,63220
c-34,6611,6611,64333
aa5,801,8308,65953
mk12-b5,10395,62370,62370
c-35,6537,6537,62891
rosen10,2056,6152,64192
sit100,10262,10262,61046
crack,10240,10240,60760
bcsstk14,1806,1806,63454
whitaker3_dual,19190,19190,57162
gen,769,2561,63086
gen1,769,2561,63086
scrs8-2r,14364,27691,58439
dendrimer,730,730,63024
Chem97Zt,2541,31022,62044
yeast_30NN,1484,1484,62350
ch8-8-b2,18816,1568,56448
rdist3a,2398,2398,61896
viscoplastic1,4326,4326,61166
bcsstm39,46772,46772,46772
p2p-Gnutella25,22687,22687,54705
psse1,14318,11028,57376
air02,50,6774,61555
whitaker3,9800,9800,57978
G58,5000,5000,59140
G59,5000,5000,59140
p05,5090,9590,59045
co5,5774,12325,57993
fxm3_6,6200,12625,57722
ncvxqp9,16554,16554,54040
mark3jac020,9129,9129,56175
mark3jac020sc,9129,9129,56175
meg1,2904,2904,58142
pcb3000,3960,7732,57479
ch7-9-b2,17640,1512,52920
bayer03,6747,6747,56196
c-33,6317,6317,56123
ex10hs,2548,2548,57308
rdist2,3198,3198,56934
rel7,21924,1045,50636
MISKnowledgeMap,2427,2427,57022
model9,2879,10939,55956
Goodwin_013,1965,1965,56069
nemspmm1,2372,8903,55867
bcsstk27,1224,1224,56126
bcsstm27,1224,1224,56126
Zewail,6752,6752,54233
c-32,5975,5975,54471
TSOPF_RS_b9_c6,7224,7224,54082
abtaha1,14596,209,51307
bibd_49_3,1176,18424,55272
ex10,2410,2410,54840
mk11-b4,10395,17325,51975
shermanACd,6136,6136,53329
ca-HepTh,9877,9877,51971
ex7,1633,1633,54543
ex36,3079,3079,53843
kineticBatchReactor_3,5082,5082,53219
ch7-6-b3,12600,4200,50400
lp_ken_11,14694,21349,49058
tuma2,12992,12992,49365
n3c6-b7,6435,6435,51480
beaflw,497,507,53403
bips07_1693,13275,13275,49044
zeros_nopss_13k,13296,13296,48827
mimo8x8_system,13309,13309,48872
ex3,1821,1821,52685
cq5,5048,11748,51571
mimo28x28_system,13251,13251,48737
ww_vref_6405,13251,13251,48737
mimo46x46_system,13250,13250,48735
xingo_afonso_itaipu,13250,13250,48735
cz5108,5108,5108,51412
cryg10000,10000,10000,49699
l30,2701,16281,52070
kneser_8_3_1,15737,15681,47042
aa4,426,7195,52121
air05,426,7195,52121
PGPgiantcompo,10680,10680,48632
model7,3358,9582,51027
circuit_3,12127,12127,48137
aa6,646,7292,51728
lock1074,1074,1074,51588
delaunay_n13,8192,8192,49094
qpband,20000,20000,45000
rajat13,7598,7598,48922
lp_fit2p,3000,13525,50284
c-25,3797,3797,49635
Oregon-1,11492,11492,46818
beacxc,497,506,50409
rajat06,10922,10922,46983
mk11-b4b,9450,17325,47250
mbeacxc,496,496,49920
mbeaflw,496,496,49920
ex6,1651,1651,49533
ex24,2283,2283,48737
nl,7039,15325,47035
gemat1,4929,10595,47369
nopss_11k,11685,11685,44941
meg4,5860,5860,46842
Franz4,6784,5252,46528
eurqsa,7245,7245,46142
barth,6691,6691,46187
bips98_1450,11305,11305,44678
mhd1280a,1280,1280,47906
ge,10099,16369,44825
fd15,11532,11532,44206
Franz6,7576,3016,45456
rosen2,1032,3080,47536
g7jac020,5850,5850,45465
g7jac020sc,5850,5850,45465
N_reactome,10204,16559,43816
n3c6-b6,6435,5005,45045
deter3,7647,21777,44547
crew1,135,6469,46950
IG5-12,2296,2875,46260
complex,1023,1408,46463
msc01440,1440,1440,46270
Franz5,7382,2882,44056
kineticBatchReactor_2,4361,4361,44840
model4,1337,4962,45753
mk12-b2,13860,1485,41580
bcsstk23,3134,3134,45178
n3c6-b8,4935,6435,44415
freeFlyingRobot_16,6078,6078,44006
TS,2142,2142,45262
freeFlyingRobot_13,5718,5718,43994
flower_5_4,5226,14721,43942
rajat01,6833,6833,43250
c-29,5033,5033,43731
Kaufhold,8765,8765,42471
freeFlyingRobot_15,6038,6038,43378
freeFlyingRobot_14,5958,5958,43298
lp_pilot,1441,4860,44375
beause,497,507,44551
Alemdar,6245,6245,42581
mycielskian10,767,767,44392
Lederberg,8843,8843,41601
dw4096,8192,8192,41746
dw8192,8192,8192,41746
bips98_1142,9735,9735,40983
ex23,1409,1409,43703
Franz7,10164,1740,40424
freeFlyingRobot_12,5578,5578,41940
p2p-Gnutella04,10879,10879,39994
poli3,16955,16955,37849
G67,10000,10000,40000
utm3060,3060,3060,42211
barth4,6019,6019,40965
cage9,3534,3534,41594
Trefethen_2000,2000,2000,41906
n2c6-b6,5715,4945,40005
freeFlyingRobot_11,5438,5438,40054
freeFlyingRobot_10,5218,5218,40080
freeFlyingRobot_9,4778,4778,39964
cat_ears_3_4,5226,13271,39592
mbeause,496,496,41063
ex27,974,974,40782
jan99jac020,6774,6774,38692
jan99jac020sc,6774,6774,38692
G23,2000,2000,39980
G25,2000,2000,39980
G30,2000,2000,39980
G28,2000,2000,39980
G26,2000,2000,39980
G31,2000,2000,39980
G22,2000,2000,39980
G27,2000,2000,39980
G24,2000,2000,39980
G29,2000,2000,39980
GL7d12,8899,1019,37519
spaceShuttleEntry_4,2450,2450,39669
wb-cs-stanford,9914,9914,36854
seymourl,4944,6316,38493
shar_te2-b1,17160,286,34320
nasa1824,1824,1824,39208
nasa1824,1824,1824,39208
lp_nug12,3192,8856,38304
lp_qap12,3192,8856,38304
dynamicSoaringProblem_8,3543,3543,38136
deter7,6375,18153,37131
ch7-8-b2,11760,1176,35280
scagr7-2b,9743,13847,35885
reorientation_8,3108,3108,37894
G66,9000,9000,36000
t2dal,4257,4257,37465
t2dal_a,4257,4257,37465
t2dal_bci,4257,4257,37465
dynamicSoaringProblem_7,3511,3511,37680
G10,800,800,38352
G5,800,800,38352
G3,800,800,38352
G8,800,800,38352
G4,800,800,38352
G9,800,800,38352
G2,800,800,38352
G7,800,800,38352
G1,800,800,38352
G6,800,800,38352
photogrammetry2,4472,936,37056
162bit,3606,3597,37118
rkat7_mat5,694,738,38114
reorientation_6,3006,3006,37342
poli_large,15575,15575,33074
Chebyshev3,4101,4101,36879
lhr02,2954,2954,37206
reorientation_7,3057,3057,37150
dynamicSoaringProblem_6,3431,3431,36741
lp_d6cube,415,6184,37704
lp_woodw,1098,8418,37487
dynamicSoaringProblem_5,3271,3271,36789
deter2,6095,17313,35731
lp_dfl001,6071,12230,35632
soc-sign-bitcoin-otc,5881,5881,35592
dynamicSoaringProblem_4,3191,3191,36516
cell1,7055,7055,34855
cell2,7055,7055,34855
bips98_606,7135,7135,34738
c-24,4119,4119,35699
rail_5177,5177,5177,35185
circuit_1,2624,2624,35823
G60,7000,7000,34296
G61,7000,7000,34296
reorientation_5,2904,2904,35590
freeFlyingRobot_8,4398,4398,34958
c-26,4307,4307,34537
Trec11,235,1138,35705
YaleB_10NN,2414,2414,34808
rajat03,7602,7602,32653
gemat11,4929,4929,33185
p2p-Gnutella05,8846,8846,31839
gemat12,4929,4929,33111
msc00726,726,726,34518
n4c5-b6,4735,4340,33145
bcsstk11,1473,1473,34241
bcsstk12,1473,1473,34241
G65,8000,8000,32000
reorientation_4,2717,2717,33630
p2p-Gnutella06,8717,8717,31525
commanche_dual,7920,7920,31680
hep-th,8361,8361,31502
fxm2-16,3900,7335,32972
pf2177,9728,10178,30984
deter1,5527,15737,32187
lp_d2q06c,2171,5831,33081
lpl2,3294,10881,32232
n2c6-b7,3990,5715,31920
c-21,3509,3509,32157
cavity06,1182,1182,32747
cavity08,1182,1182,32747
cavity05,1182,1182,32747
cavity07,1182,1182,32747
cavity09,1182,1182,32747
plat1919,1919,1919,32399
reorientation_3,2513,2513,32166
dynamicSoaringProblem_3,2871,2871,32022
c-27,4563,4563,31375
ex4,1601,1601,32299
Goodwin_010,1182,1182,32282
c-23,3969,3969,31079
freeFlyingRobot_7,3918,3918,31046
LeGresley_4908,4908,4908,30482
c-28,4598,4598,30590
ch7-6-b5,5040,15120,30240
lp_greenbea,2392,5598,31070
lp_greenbeb,2392,5598,31070
lpi_greenbea,2393,5596,31074
n3c6-b5,5005,3003,30030
deter5,5103,14529,29715
n2c6-b5,4945,3003,29670
rdb5000,5000,5000,29600
plbuckle,1282,1282,30644
data,2851,2851,30186
bcsstk26,1922,1922,30336
fd12,7500,7500,28462
ca-GrQc,5242,5242,28980
TF14,2644,3160,29862
ACTIVSg2000,4000,4000,29336
bcsstm35,30237,30237,20619
n4c5-b7,3635,4735,29080
G62,7000,7000,28000
c-22,3792,3792,28872
stormg2-8,4409,11322,28553
3elt_dual,9000,9000,26556
msc01050,1050,1050,29156
spaceShuttleEntry_3,1834,1834,28757
mhd4800b,4800,4800,27520
as-735,7716,7716,26467
3elt,4720,4720,27444
tomography,500,500,28726
bayer05,3268,3268,27836
bayer07,3268,3268,27836
p2p-Gnutella09,8114,8114,26013
barth,6691,6691,26439
dataset20mfeatpixel_10NN,2000,2000,27932
bayer06,3008,3008,27576
bayer08,3008,3008,27576
dataset16mfeatkarhunen_10NN,2000,2000,27668
model6,2096,5289,27628
dataset12mfeatfactors_10NN,2000,2000,27442
lp_truss,1000,8806,27836
zenios,2873,2873,27191
freeFlyingRobot_6,3358,3358,27030
dataset22mfeatzernike_10NN,2000,2000,27414
bcsstk21,3600,3600,26600
n4c5-b5,4340,2852,26040
Maragal_4,1964,1034,26719
t3dl_e,20360,20360,20360
ex2,441,441,26839
lowThrust_2,2312,2312,26261
qc324,324,324,26730
lnsp3937,3937,3937,25407
lns_3937,3937,3937,25407
G55,5000,5000,24996
G56,5000,5000,24996
cz2548,2548,2548,25674
shermanACa,3432,3432,25220
airfoil1_dual,8034,8034,23626
geom,7343,7343,23796
deter6,4255,12113,24771
model8,2896,6464,25277
airfoil1,4253,4253,24578
plantsmargin_12NN,1600,1600,25482
lp_degen3,1503,2604,25432
n3c6-b9,2511,4935,25110
dwt_2680,2680,2680,25026
email-Eu-core,1005,1005,25571
delaunay_n12,4096,4096,24528
TSOPF_FS_b9_c1,2454,2454,25032
cis-n4c6-b3,5970,1330,23880
n4c6-b3,5970,1330,23880
bibd_13_6,78,1716,25740
hydr1,5308,5308,23752
hydr1c,5308,5308,23752
add32,4960,4960,23884
barth4,6019,6019,23492
freeFlyingRobot_5,2878,2878,24582
soc-sign-bitcoin-alpha,3783,3783,24186
ch,3700,8291,24102
email-Eu-core-temporal,1005,1005,24929
lshp3466,3466,3466,23896
ex25,848,848,24612
spaceStation_14,1640,1640,24324
ex29,2870,2870,23754
mcfe,765,765,24382
model3,1609,4578,23974
spaceShuttleEntry_2,1428,1428,24073
ch7-7-b2,7350,882,22050
bcsstm34,588,588,24270
G36,2000,2000,23532
G40,2000,2000,23532
G37,2000,2000,23570
G41,2000,2000,23570
G35,2000,2000,23556
G39,2000,2000,23556
G38,2000,2000,23558
G42,2000,2000,23558
spaceStation_13,1617,1617,23649
Hamrle2,5952,5952,22162
lp_80bau3b,2262,12061,23264
bcsstm37,25503,25503,15525
rosen1,520,1544,23794
sstmodel,3345,3345,22749
pgp2,4034,13254,22474
c-20,2921,2921,22685
deter8,3831,10905,22299
bcspwr10,5300,5300,21842
dataset18mfeatmorphological_10NN,2000,2000,22832
saylr4,3564,3564,22316
ch6-6-b3,5400,2400,21600
sherman2,1080,1080,23094
ch6-6-b4,4320,5400,21600
mk11-b2,6930,990,20790
sctap1-2c,3390,7458,21854
ex22,839,839,22715
p2p-Gnutella08,6301,6301,20777
Franz2,4032,4480,21504
ex33,1733,1733,22189
semeion_10NN,1593,1593,22226
circuit_2,4510,4510,21199
c-19,2327,2327,21817
bcsstm13,2003,2003,21943
IG5-11,1227,1692,22110
df2177,630,10358,22336
Plants_10NN,1600,1600,21930
bcsstm10,1086,1086,22092
bcsstk10,1086,1086,22070
lpi_ceria3d,3576,4400,21178
lock_700,700,700,22175
bayer09,3083,3083,21216
primagaz,1554,10836,21665
utm1700b,1700,1700,21509
large,4282,8617,20635
swang1,3169,3169,20841
swang2,3169,3169,20841
sherman5,3312,3312,20793
rw5151,5151,5151,20199
lp_cycle,1903,3371,21234
lshp3025,3025,3025,20833
plantstexture_10NN,1599,1599,21204
olm5000,5000,5000,19996
sherman3,5005,5005,20033
G57,5000,5000,20000
bcsstk34,588,588,21418
shyy41,4720,4720,20042
aircraft,3754,7517,20267
stoch_aircraft,3754,7517,20267
kineticBatchReactor_1,2052,2052,20600
CollegeMsg,1899,1899,20296
pcb1000,1565,2820,20463
lpi_gran,2658,2525,20111
g7jac010,2880,2880,19635
g7jac010sc,2880,2880,19635
bcsstm25,15439,15439,15439
p6000,2095,7967,19826
mk10-b3,4725,3150,18900
G46,1000,1000,19980
G47,1000,1000,19980
G44,1000,1000,19980
G45,1000,1000,19980
G43,1000,1000,19980
deter4,3235,9133,19231
bcsstm12,1473,1473,19659
spaceStation_12,1410,1410,19728
spaceStation_9,1180,1180,19674
wang1,2903,2903,19093
wang2,2903,2903,19093
coater1,1348,1348,19457
rdb3200l,3200,3200,18880
Binaryalphadigs_10NN,1404,1404,19392
polblogs,1490,1490,19025
California,9664,9664,16150
mhd3200b,3200,3200,18316
ex21,656,656,19144
spaceStation_11,1364,1364,18954
lp_cre_a,3516,7248,18168
spaceStation_8,1157,1157,18945
Erdos02,6927,6927,16944
ODLIS,2909,2909,18246
Chebyshev2,2053,2053,18447
lhr01,1477,1477,18592
Maragal_3,1690,860,18391
eris1176,1176,1176,18552
freeFlyingRobot_4,2358,2358,18218
lshp2614,2614,2614,17980
bcsstk09,1083,1083,18437
spiral,1434,1434,18228
cnae9_10NN,1080,1080,18278
spaceStation_7,1134,1134,18252
reorientation_2,1544,1544,17910
add20,2395,2395,17319
Si2,769,769,17801
spaceStation_6,1111,1111,17595
spaceStation_10,1272,1272,17478
ukerbe1,5981,5981,15704
n4c5-b8,1895,3635,17055
lp_pds_02,2953,7716,16571
LeGresley_2508,2508,2508,16727
rbsa480,480,480,17088
rbsb480,480,480,17088
Erdos992,6100,6100,15030
flower_4_4,1837,5529,16466
lp_cre_c,3068,6411,15977
dwt_992,992,992,16744
collins_15NN,1000,1000,16492
Erdos982,5822,5822,14750
lp_ship12l,1151,5533,16276
delf,3170,6654,15397
rosen8,520,1544,16058
nos3,960,960,15844
lshp2233,2233,2233,15337
dynamicSoaringProblem_2,1591,1591,15588
Erdos972,5488,5488,14170
n2c6-b4,3003,1365,15015
n3c6-b4,3003,1365,15015
c-18,2169,2169,15145
lp_bnl2,2324,4486,14996
Pd,8081,8081,13036
Sieber,2290,2290,14873
blckhole,2132,2132,14872
spaceStation_5,1019,1019,15219
pde2961,2961,2961,14585
D_8,1132,1271,14966
uk,4824,4824,13674
lp_pilot_ja,940,2267,14977
robot24c1_mat5,404,302,15118
hangGlider_2,1647,1647,14754
adder_trans_01,1814,1814,14579
adder_trans_02,1814,1814,14579
robot24c1_mat5_J,302,404,15118
n4c5-b4,2852,1350,14260
power,4941,4941,13188
USpowerGrid,4941,4941,13188
orsreg_1,2205,2205,14133
mycielskian9,383,383,14542
yeast,2361,2361,13828
bibd_17_4,136,2380,14280
bibd_17_4b,136,2380,14280
Kohonen,4470,4470,12731
cis-n4c6-b14,920,6300,13800
n4c6-b14,920,6300,13800
grid2,3296,3296,12864
ch7-6-b2,4200,630,12600
steam2,600,600,13760
spaceStation_4,950,950,13626
mice_10NN,1077,1077,13484
CAG_mat364,364,364,13585
n2c6-b8,1470,3990,13230
lp_pilotnov,975,2446,13331
radfr1,1048,1048,13299
rajat12,1879,1879,12926
lshp1882,1882,1882,12904
lp_fit1d,24,1049,13427
lpi_klein3,994,1082,13101
freeFlyingRobot_3,1718,1718,12922
fxm2-6,1520,2845,12812
grid2_dual,3136,3136,12224
bcsstk08,1074,1074,12960
bcsstm38,8032,8032,10485
cz1268,1268,1268,12786
cryg2500,2500,2500,12349
D_7,1270,971,12714
lp_ship08l,778,4363,12882
G48,3000,3000,12000
G49,3000,3000,12000
G50,3000,3000,12000
delaunay_n11,2048,2048,12254
can_1072,1072,1072,12444
Trefethen_700,700,700,12654
rdb2048,2048,2048,12032
rdb2048_noL,2048,2048,12032
D_9,815,1133,12395
lutz30-23-b6,1716,3003,12012
can_1054,1054,1054,12196
mhd1280b,1280,1280,12029
extr1,2837,2837,11407
extr1b,2836,2836,11404
photogrammetry,1388,390,11816
G54,1000,1000,11832
G53,1000,1000,11828
G51,1000,1000,11818
G52,1000,1000,11832
Journals,124,124,12068
watt_2,1856,1856,11550
DK01R,903,903,11766
freeFlyingRobot_2,1338,1338,11600
Franz3,1280,2800,11520
watt_1,1856,1856,11360
lpi_cplex1,3005,5224,10947
adder_dcop_13,1813,1813,11245
adder_dcop_02,1813,1813,11246
adder_dcop_12,1813,1813,11246
adder_dcop_14,1813,1813,11246
adder_dcop_15,1813,1813,11246
adder_dcop_16,1813,1813,11246
adder_dcop_17,1813,1813,11246
adder_dcop_18,1813,1813,11246
adder_dcop_20,1813,1813,11246
adder_dcop_21,1813,1813,11246
adder_dcop_22,1813,1813,11246
adder_dcop_23,1813,1813,11246
adder_dcop_24,1813,1813,11246
adder_dcop_25,1813,1813,11246
adder_dcop_26,1813,1813,11246
adder_dcop_27,1813,1813,11246
adder_dcop_28,1813,1813,11246
adder_dcop_29,1813,1813,11246
adder_dcop_30,1813,1813,11246
adder_dcop_31,1813,1813,11246
adder_dcop_32,1813,1813,11246
adder_dcop_33,1813,1813,11246
adder_dcop_34,1813,1813,11246
adder_dcop_35,1813,1813,11246
adder_dcop_36,1813,1813,11246
adder_dcop_37,1813,1813,11246
adder_dcop_38,1813,1813,11246
adder_dcop_39,1813,1813,11246
adder_dcop_40,1813,1813,11246
adder_dcop_41,1813,1813,11246
adder_dcop_42,1813,1813,11246
adder_dcop_43,1813,1813,11246
adder_dcop_45,1813,1813,11246
adder_dcop_46,1813,1813,11246
adder_dcop_47,1813,1813,11246
adder_dcop_48,1813,1813,11246
adder_dcop_49,1813,1813,11246
adder_dcop_50,1813,1813,11246
adder_dcop_51,1813,1813,11246
adder_dcop_52,1813,1813,11246
adder_dcop_53,1813,1813,11246
adder_dcop_54,1813,1813,11246
adder_dcop_55,1813,1813,11246
adder_dcop_56,1813,1813,11246
adder_dcop_57,1813,1813,11246
adder_dcop_58,1813,1813,11246
adder_dcop_59,1813,1813,11246
adder_dcop_60,1813,1813,11246
adder_dcop_61,1813,1813,11246
adder_dcop_62,1813,1813,11246
adder_dcop_63,1813,1813,11246
adder_dcop_64,1813,1813,11246
adder_dcop_65,1813,1813,11246
adder_dcop_66,1813,1813,11246
adder_dcop_67,1813,1813,11246
adder_dcop_68,1813,1813,11246
adder_dcop_69,1813,1813,11246
adder_dcop_19,1813,1813,11245
adder_dcop_09,1813,1813,11239
adder_dcop_44,1813,1813,11245
adder_dcop_08,1813,1813,11242
adder_dcop_11,1813,1813,11243
plddb,3069,5049,10839
rajat02,1960,1960,11187
deter0,1923,5468,11173
adder_dcop_01,1813,1813,11156
init_adder1,1813,1813,11156
adder_dcop_07,1813,1813,11226
adder_dcop_06,1813,1813,11224
adder_dcop_10,1813,1813,11232
adder_dcop_05,1813,1813,11097
adder_dcop_03,1813,1813,11148
adder_dcop_04,1813,1813,11107
ex32,1159,1159,11343
145bit,1002,993,11315
M80PI_n,4182,4182,10261
S80PI_n,4182,4182,10261
TF13,1121,1302,11185
SciMet,3084,3084,10413
cage8,1015,1015,11003
email,1133,1133,10902
filter2D,1668,1668,10750
M80PI_n1,4028,4028,9927
S80PI_n1,4028,4028,9927
Vehicle_10NN,846,846,10894
lshp1561,1561,1561,10681
lp_25fv47,821,1876,10705
lp_czprob,929,3562,10708
dwg961b,961,961,10591
rotor2,791,791,10685
dwt_1242,1242,1242,10426
dw1024,2048,2048,10114
dw2048,2048,2048,10114
EPA,4772,4772,8965
IG5-10,652,976,10273
mk10-b2,3150,630,9450
lp_maros,846,1966,10137
m3plates,11107,11107,6639
can_838,838,838,10010
plsk1919,1919,1919,9662
lp_sctap3,1480,3340,9734
tols4000,4000,4000,8784
pores_2,1224,1224,9613
lp_stocfor2,2157,3045,9357
lp_fit1p,627,1677,9868
p2756,755,3511,9692
rajat04,1041,1041,9642
jagmesh4,1440,1440,9504
laser,3002,3002,9000
iprob,3001,3001,9000
micromass_10NN,571,571,9668
scagr7-2c,2447,3479,9005
G14,800,800,9388
G18,800,800,9388
G17,800,800,9334
G21,800,800,9334
G15,800,800,9322
G19,800,800,9322
G16,800,800,9344
G20,800,800,9344
EVA,8497,8497,6726
lp_pilot_we,722,2928,9265
jagmesh9,1349,1349,9101
poli,4008,4008,8188
rail_1357,1357,1357,8985
progas,1650,1900,8897
jagmesh6,1377,1377,8993
illc1850,1850,712,8758
well1850,1850,712,8758
goddardRocketProblem_2,867,867,9058
N_pid,3625,3923,8054
lp_ken_07,2426,3602,8404
nnc1374,1374,1374,8606
lshp1270,1270,1270,8668
Pd_rhs,8081,12406,6323
diag,2559,2559,8184
relat6,2340,157,8108
EX1,560,560,8736
EX2,560,560,8736
dwt_1005,1005,1005,8621
dwt_1007,1007,1007,8575
lp_scsd8,397,2750,8584
cep1,1521,4769,8233
mhda416,416,416,8562
goddardRocketProblem_1,831,831,8498
lp_ship12s,1151,2869,8284
Trec10,106,478,8612
olm2000,2000,2000,7996
G32,2000,2000,8000
G33,2000,2000,8000
G34,2000,2000,8000
Trefethen_500,500,500,8478
bwm2000,2000,2000,7996
lp_scfxm3,990,1800,8206
GD06_Java,1538,1538,8032
lp_sierra,1227,2735,8001
lp_grow22,440,946,8252
epb0,1794,1794,7764
cat_ears_2_4,1009,2689,7982
Chem97ZtZ,2541,2541,7361
jagmesh5,1180,1180,7750
rosen7,264,776,8034
mahindas,1258,1258,7682
orbitRaising_4,915,915,7790
west2021,2021,2021,7353
ch6-6-b2,2400,450,7200
bcsstk06,420,420,7860
bcsstk07,420,420,7860
gr_30_30,900,900,7744
bibd_12_5,66,792,7920
scrs8-2b,1820,3499,7367
scrs8-2c,1820,3499,7367
lung1,1650,1650,7419
jagmesh8,1141,1141,7465
jagmesh7,1138,1138,7450
D_10,460,816,7614
model2,379,1321,7607
fpga_trans_01,1220,1220,7382
fpga_trans_02,1220,1220,7382
bfwa782,782,782,7514
dwt_878,878,878,7448
lp_sctap2,1090,2500,7334
n3c6-b10,675,2511,7425
ukerbe1_dual,1866,1866,7076
dwt_918,918,918,7384
jagmesh3,1089,1089,7361
rdb1250,1250,1250,7300
rdb1250l,1250,1250,7300
Spectro_10NN,531,531,7422
lp_nug08,912,1632,7296
lp_qap8,912,1632,7296
WorldCities,315,100,7518
dwt_869,869,869,7285
GL7d26,305,2798,7412
minnesota,2642,2642,6606
reorientation_1,677,677,7326
iiasa,669,3639,7317
lp_ship08s,778,2467,7194
can_634,634,634,7228
cavity02,317,317,7327
cavity04,317,317,7327
bcsstm07,420,420,7252
cavity01,317,317,7327
cavity03,317,317,7327
lp_ganges,1309,1706,6937
jagmesh2,1009,1009,6865
lshp1009,1009,1009,6865
umistfacesnorm_10NN,575,575,6990
bcsstk19,817,817,6853
orsirr_1,1030,1030,6858
bcspwr09,1723,1723,6511
spaceShuttleEntry_1,560,560,6891
cr42,905,1513,6614
can_715,715,715,6665
D_6,970,435,6491
orbitRaising_2,739,739,6526
qh1484,1484,1484,6110
lp_ship04l,402,2166,6380
bcspwr08,1624,1624,6050
n4c5-b9,630,1895,6300
lp_fffff800,524,1028,6401
cz628,628,628,6346
jagmesh1,936,936,6264
delaunay_n10,1024,1024,6112
jpwh_991,991,991,6027
bcspwr07,1612,1612,5824
lp_perold,625,1506,6148
orbitRaising_3,761,761,6098
GL6_D_8,544,637,6153
130bit,584,575,6120
fpga_dcop_09,1220,1220,5888
fpga_dcop_01,1220,1220,5892
fpga_dcop_02,1220,1220,5892
fpga_dcop_03,1220,1220,5892
fpga_dcop_11,1220,1220,5892
fpga_dcop_12,1220,1220,5892
fpga_dcop_13,1220,1220,5892
fpga_dcop_14,1220,1220,5892
fpga_dcop_15,1220,1220,5892
fpga_dcop_16,1220,1220,5892
fpga_dcop_17,1220,1220,5892
fpga_dcop_18,1220,1220,5892
fpga_dcop_19,1220,1220,5892
fpga_dcop_20,1220,1220,5892
fpga_dcop_21,1220,1220,5892
fpga_dcop_22,1220,1220,5892
fpga_dcop_23,1220,1220,5892
fpga_dcop_24,1220,1220,5892
fpga_dcop_25,1220,1220,5892
fpga_dcop_26,1220,1220,5892
fpga_dcop_27,1220,1220,5892
fpga_dcop_28,1220,1220,5892
fpga_dcop_29,1220,1220,5892
fpga_dcop_30,1220,1220,5892
fpga_dcop_31,1220,1220,5892
fpga_dcop_32,1220,1220,5892
fpga_dcop_33,1220,1220,5892
fpga_dcop_34,1220,1220,5892
fpga_dcop_35,1220,1220,5892
fpga_dcop_36,1220,1220,5892
fpga_dcop_37,1220,1220,5892
fpga_dcop_38,1220,1220,5892
fpga_dcop_39,1220,1220,5892
fpga_dcop_40,1220,1220,5892
fpga_dcop_41,1220,1220,5892
fpga_dcop_42,1220,1220,5892
fpga_dcop_43,1220,1220,5892
fpga_dcop_44,1220,1220,5892
fpga_dcop_45,1220,1220,5892
fpga_dcop_46,1220,1220,5892
fpga_dcop_47,1220,1220,5892
fpga_dcop_48,1220,1220,5892
fpga_dcop_49,1220,1220,5892
fpga_dcop_50,1220,1220,5892
fpga_dcop_51,1220,1220,5892
fpga_dcop_08,1220,1220,5888
fpga_dcop_10,1220,1220,5884
fpga_dcop_04,1220,1220,5884
fpga_dcop_06,1220,1220,5860
fpga_dcop_07,1220,1220,5855
fpga_dcop_05,1220,1220,5852
orsirr_2,886,886,5970
lowThrust_1,584,584,6133
circuit204,1020,1020,5883
bfwb782,782,782,5982
dwt_503,503,503,6027
dwt_758,758,758,5994
fs_760_1,760,760,5976
fs_760_2,760,760,5976
fs_760_3,760,760,5976
netscience,1589,1589,5484
gre_1107,1107,1107,5664
M40PI_n,2182,2182,5341
S40PI_n,2182,2182,5341
west1505,1505,1505,5445
plat362,362,362,5786
spaceStation_2,329,329,5817
n2c6-b3,1365,455,5460
n3c6-b3,1365,455,5460
rdb968,968,968,5632
Franz1,2240,768,5120
rel6,2340,157,5101
n4c5-b3,1350,455,5400
tols2000,2000,2000,5184
netz4504,1961,1961,5156
lp_bnl1,643,1586,5532
bcspwr06,1454,1454,5300
Olivetti_norm_10NN,400,400,5656
rajat19,1157,1157,5399
lp_scfxm2,660,1200,5469
lp_grow15,300,645,5620
M40PI_n1,2028,2028,5007
S40PI_n1,2028,2028,5007
t2dal_e,4257,4257,4257
GL6_D_7,636,470,5378
jazz,198,198,5484
iris_dataset_30NN,150,150,5518
dynamicSoaringProblem_1,647,647,5367
lshp_778,778,778,5272
freeFlyingRobot_1,798,798,5246
Roget,1022,1022,5075
de080285,936,1908,5082
de063157,936,1908,5119
lp_pilot4,410,1123,5264
lpi_pilot4i,410,1123,5264
nos5,468,468,5172
dwt_607,607,607,5131
dwt_592,592,592,5104
SmaGri,1059,1059,4919
lpi_klein2,477,531,5062
cage,366,366,5124
spaceStation_3,467,467,5103
NotreDame_yeast,2114,2114,4480
bp_1600,822,822,4841
de063155,852,1848,4913
mk10-b4,945,4725,4725
bp_1400,822,822,4790
illc1033,1033,320,4732
well1033,1033,320,4732
bp_1200,822,822,4726
N_biocarta,1922,1996,4335
tumorAntiAngiogenesis_8,490,490,4776
tumorAntiAngiogenesis_6,465,465,4795
cdde1,961,961,4681
cdde2,961,961,4681
cdde3,961,961,4681
cdde4,961,961,4681
cdde5,961,961,4681
cdde6,961,961,4681
bp_1000,822,822,4661
qiulp,1192,1900,4492
lp_agg3,516,758,4756
lp_agg2,516,758,4740
hor_131,434,434,4710
nos7,729,729,4617
rdb800l,800,800,4640
bp_800,822,822,4534
mycielskian8,191,191,4720
tumorAntiAngiogenesis_5,460,460,4690
Trefethen_300,300,300,4678
bcsstm21,3600,3600,3600
IG5-9,342,540,4570
l9,244,1483,4659
tumorAntiAngiogenesis_7,475,475,4597
tumorAntiAngiogenesis_4,455,455,4593
pde900,900,900,4380
bcsstm24,3562,3562,3562
Ecoli_10NN,336,336,4560
b2_ss,1089,1089,4228
b_dyn,1089,1089,4264
lp_tuff,333,628,4561
bibd_11_5,55,462,4620
ch6-6-b5,720,4320,4320
Maragal_2,555,350,4357
lp_ship04s,402,1506,4400
GL6_D_9,340,545,4349
bp_600,822,822,4172
lp_nug07,602,931,4214
1138_bus,1138,1138,4054
ex1,216,216,4352
nos2,957,957,4137
cis-n4c6-b2,1330,210,3990
n4c6-b2,1330,210,3990
fs_541_1,541,541,4285
fs_541_2,541,541,4285
fs_541_3,541,541,4285
fs_541_4,541,541,4285
USAir97,332,332,4252
TF12,488,552,4231
lp_scsd6,147,1350,4316
lp_degen2,444,757,4201
olm1000,1000,1000,3996
bcsstk02,66,66,4356
young1c,841,841,4089
young2c,841,841,4089
young4c,841,841,4089
tub1000,1000,1000,3996
bp_400,822,822,4028
nnc666,666,666,4044
young3c,841,841,3988
bibd_81_2,3240,3240,3240
celegans_metabolic,453,453,4065
mk9-b2,1260,378,3780
sherman4,1104,1104,3786
bcsstm23,3134,3134,3134
stufe,1036,1036,3736
bp_200,822,822,3802
mk9-b3,945,1260,3780
lp_stair,356,614,4003
lshp_577,577,577,3889
saylr3,1000,1000,3750
sherman1,1000,1000,3750
ck656,656,656,3884
tumorAntiAngiogenesis_3,410,410,3952
lp_standmps,467,1274,3878
nemscem,651,1712,3840
QRpivot,660,749,3808
L,956,956,3640
can_445,445,445,3809
tols1090,1090,1090,3546
west0989,989,989,3537
bfwa398,398,398,3678
steam1,240,240,3762
lp_shell,536,1777,3558
dwg961a,961,961,3405
qh882,882,882,3354
dwt_419,419,419,3563
dwt_512,512,512,3502
pores_3,532,532,3474
ch8-8-b1,1568,64,3136
bcsstk04,132,132,3648
bp_0,822,822,3276
nsic,465,897,3449
dwt_193,193,193,3493
hangGlider_1,360,360,3477
lp_beaconfd,173,295,3408
685_bus,685,685,3249
lp_standgub,361,1383,3339
lp_scrs8,490,1275,3288
mk12-b1,1485,66,2970
ch7-9-b1,1512,63,3024
G11,800,800,3200
G12,800,800,3200
G13,800,800,3200
nos6,675,675,3255
lp_modszk1,687,1620,3168
small,677,1400,3207
str_600,363,363,3279
lp_standata,359,1274,3230
str_400,363,363,3157
dwt_346,346,346,3226
dwt_492,492,492,3156
cz308,308,308,3182
bcsstk20,485,485,3135
cage7,340,340,3084
qh768,768,768,2934
utm300,300,300,3155
M20PI_n,1182,1182,2881
S20PI_n,1182,1182,2881
model1,362,798,3028
n2c6-b9,306,1470,3060
str_200,363,363,3068
can_268,268,268,3082
Glass_10NN,214,214,2986
lp_agg,488,615,2862
lpi_pang,361,741,2933
west0655,655,655,2854
bfwb398,398,398,2910
wm3,207,260,2948
orbitRaising_1,442,442,2906
dwt_361,361,361,2953
Erdos991,492,492,2834
D_11,169,461,2952
nemsafm,334,2348,2826
lnsp_511,511,511,2796
bibd_12_4,66,495,2970
can_256,256,256,2916
wm2,207,260,2942
wm1,207,277,2909
ck400,400,400,2860
lns_511,511,511,2796
Trefethen_200b,199,199,2873
Trefethen_200,200,200,2890
Erdos981,485,485,2762
lp_scfxm1,330,600,2732
lp_finnis,497,1064,2760
lp_e226,223,472,2768
problem1,415,415,2779
lshp_406,406,406,2716
M20PI_n1,1028,1028,2547
S20PI_n1,1028,1028,2547
fs_680_1,680,680,2646
fs_680_2,680,680,2646
fs_680_3,680,680,2646
gams60am,714,1071,2607
Erdos971,472,472,2628
Harvard500,500,500,2636
tumorAntiAngiogenesis_2,305,305,2699
GL6_D_6,469,201,2526
662_bus,662,662,2474
lpi_reactor,318,808,2591
mcca,180,180,2659
ch7-8-b1,1176,56,2352
lp_etamacro,400,816,2537
lpi_bgetam,400,816,2537
dw256B,512,512,2500
dwb512,512,512,2500
rdb450,450,450,2580
rdb450l,450,450,2580
lp_bandm,305,472,2494
ch5-5-b3,600,600,2400
lp_gfrd_pnc,616,1160,2445
can_292,292,292,2540
lp_grow7,140,301,2612
dwt_307,307,307,2523
dw256A,512,512,2480
dwa512,512,512,2480
dermatology_5NN,366,366,2440
poisson2D,367,367,2417
netz4504_dual,615,615,2342
str_0,363,363,2454
lp_israel,174,316,2443
lund_a,147,147,2449
dwt_310,310,310,2448
bcsstm26,1922,1922,1922
celegansneural,297,297,2345
lp_scsd1,77,760,2388
mhdb416,416,416,2312
bcsstk05,153,153,2423
lund_b,147,147,2441
Chebyshev1,261,261,2319
CSphd,1882,1882,1740
lp_nug06,372,486,2232
YaleA_10NN,165,165,2268
gas11,459,862,2166
p0291,252,543,2283
gre_512,512,512,2192
lp_brandy,220,303,2202
p0282,241,523,2207
ash292,292,292,2208
ash958,958,292,1916
mk11-b1,990,55,1980
west0381,381,381,2157
tols340,340,340,2196
kneser_6_2_1,601,676,2027
Trec9,47,201,2147
olm500,500,500,1996
GL6_D_10,163,341,2053
p0201,133,334,2056
west0479,479,479,1910
bibd_17_3,136,680,2040
ch7-7-b1,882,49,1764
mesh2e1,306,306,2018
mesh2em5,306,306,2018
Trefethen_150,150,150,2040
GD96_a,1096,1096,1677
lp_sctap1,300,660,1872
D_5,434,115,1832
lp_capri,271,482,1896
ch5-5-b2,600,200,1800
rw496,496,496,1859
mesh3e1,289,289,1889
mesh3em5,289,289,1889
p0548,176,724,1887
shl_400,663,663,1712
shl_200,663,663,1726
shl_0,663,663,1687
lp_scagr25,471,671,1725
west0497,497,497,1727
sphere3,258,258,1794
plskz362,362,362,1760
bcsstm11,1473,1473,1473
GL7d11,1019,60,1513
494_bus,494,494,1666
lshp_265,265,265,1753
dwt_209,209,209,1743
M10PI_n,682,682,1633
S10PI_n,682,682,1633
can_229,229,229,1777
tumorAntiAngiogenesis_1,205,205,1783
flower_8_1,625,513,1538
bcspwr05,443,443,1623
IG5-8,156,292,1711
lpi_bgdbg1,348,629,1662
oscil_trans_01,430,430,1614
lpi_qual,323,464,1646
lpi_vol1,323,464,1646
lpi_refinery,323,464,1626
tols90,90,90,1746
bcspwr04,274,274,1612
TF11,216,236,1607
oscil_dcop_01,430,430,1544
oscil_dcop_02,430,430,1544
oscil_dcop_03,430,430,1544
oscil_dcop_04,430,430,1544
oscil_dcop_05,430,430,1544
oscil_dcop_06,430,430,1544
oscil_dcop_07,430,430,1544
oscil_dcop_08,430,430,1544
oscil_dcop_09,430,430,1544
oscil_dcop_10,430,430,1544
oscil_dcop_11,430,430,1544
oscil_dcop_12,430,430,1544
oscil_dcop_13,430,430,1544
oscil_dcop_14,430,430,1544
oscil_dcop_15,430,430,1544
oscil_dcop_16,430,430,1544
oscil_dcop_17,430,430,1544
oscil_dcop_18,430,430,1544
oscil_dcop_19,430,430,1544
oscil_dcop_20,430,430,1544
oscil_dcop_21,430,430,1544
oscil_dcop_22,430,430,1544
oscil_dcop_23,430,430,1544
oscil_dcop_24,430,430,1544
oscil_dcop_25,430,430,1544
oscil_dcop_26,430,430,1544
oscil_dcop_27,430,430,1544
oscil_dcop_28,430,430,1544
oscil_dcop_29,430,430,1544
oscil_dcop_30,430,430,1544
oscil_dcop_31,430,430,1544
oscil_dcop_32,430,430,1544
oscil_dcop_33,430,430,1544
oscil_dcop_34,430,430,1544
oscil_dcop_35,430,430,1544
oscil_dcop_36,430,430,1544
oscil_dcop_37,430,430,1544
oscil_dcop_38,430,430,1544
oscil_dcop_39,430,430,1544
oscil_dcop_40,430,430,1544
oscil_dcop_41,430,430,1544
oscil_dcop_42,430,430,1544
oscil_dcop_43,430,430,1544
oscil_dcop_44,430,430,1544
oscil_dcop_45,430,430,1544
oscil_dcop_46,430,430,1544
oscil_dcop_47,430,430,1544
oscil_dcop_48,430,430,1544
oscil_dcop_49,430,430,1544
oscil_dcop_50,430,430,1544
oscil_dcop_51,430,430,1544
oscil_dcop_52,430,430,1544
oscil_dcop_53,430,430,1544
oscil_dcop_54,430,430,1544
oscil_dcop_55,430,430,1544
oscil_dcop_56,430,430,1544
oscil_dcop_57,430,430,1544
lpi_chemcom,288,744,1590
lp_scorpion,388,466,1534
dwt_221,221,221,1629
abb313,313,176,1557
nnc261,261,261,1500
rajat14,180,180,1503
dwt_245,245,245,1461
mycielskian7,95,95,1510
cz148,148,148,1527
gre_343,343,343,1435
can_187,187,187,1491
breasttissue_10NN,106,106,1412
lp_bore3d,233,334,1448
rajat05,301,301,1384
mk10-b1,630,45,1260
ch7-6-b1,630,42,1260
impcol_d,425,425,1339
M10PI_n1,528,528,1317
S10PI_n1,528,528,1317
dwt_198,198,198,1392
n2c6-b2,455,105,1365
n3c6-b2,455,105,1365
n4c5-b2,455,105,1365
bcsstm09,1083,1083,1083
n4c5-b10,120,630,1320
impcol_e,225,225,1308
bibd_15_3,105,455,1365
ash608,608,188,1216
Cities,55,46,1342
can_161,161,161,1377
gams30a,354,531,1287
gams30am,354,531,1287
bcsstm08,1074,1074,1074
flower_7_1,463,393,1178
lpi_mondou2,312,604,1208
lpi_cplex2,224,378,1215
bibd_9_5,36,126,1260
n3c5-b5,210,252,1260
can_144,144,144,1296
n3c5-b4,252,210,1260
arc130,130,130,1282
odepa400,400,400,1201
GD00_c,638,638,1041
football,115,115,1226
lp_lotfi,153,366,1136
lp_share1b,117,253,1179
ww_36_pmec_36,66,66,1194
dwt_162,162,162,1182
rdb200,200,200,1120
rdb200l,200,200,1120
saylr1,238,238,1128
SmallW,396,396,994
lp_nug05,210,225,1050
lp_vtp_base,198,346,1051
fs_183_1,183,183,1069
fs_183_3,183,183,1069
fs_183_4,183,183,1069
fs_183_6,183,183,1069
relat5,340,35,1058
nos1,237,237,1017
pde225,225,225,1065
cat_ears_4_1,377,313,938
grid1,252,252,952
gre_185,185,185,1005
CAG_mat72,72,72,1012
ck104,104,104,992
ch6-6-b1,450,36,900
bcsstm19,817,817,817
GD01_Acap,953,953,645
cis-n4c6-b15,60,920,960
n4c6-b15,60,920,960
spaceStation_1,99,99,927
lop163,163,163,935
steam3,80,80,928
gre_216a,216,216,876
gre_216b,216,216,876
adjnoun,112,112,850
grid1_dual,224,224,840
polbooks,105,105,882
dwt_234,234,234,834
rajat11,135,135,812
mk9-b1,378,36,756
n3c5-b6,120,210,840
robot,120,120,870
n3c5-b3,210,120,840
bwm200,200,200,796
GD01_a,311,311,645
cage6,93,93,785
lpi_klein1,54,108,750
lp_share2b,96,162,777
will199,199,199,701
ash331,331,104,662
rel5,340,35,656
can_96,96,96,768
flower_5_1,211,201,602
Sandi_sandi,314,360,613
n3c6-b11,60,675,720
lpi_box1,231,261,651
lp_sc205,205,317,665
rotor1,100,100,708
zed,116,142,666
gent113,113,113,655
lp_recipe,91,204,687
bcsstk22,138,138,696
bcsstk03,112,112,640
08blocks,300,300,592
GD97_c,452,452,460
ch5-5-b4,120,600,600
cat_ears_3_1,204,181,542
impcol_a,207,207,572
GD00_a,352,352,458
TF10,99,107,622
nos4,100,100,594
IG5-7,62,150,549
lnsp_131,131,131,536
dwt_87,87,87,541
can_61,61,61,557
lns_131,131,131,536
bcsstm20,485,485,485
lpi_ex72a,197,215,467
lpi_ex73a,193,211,457
lp_scagr7,129,185,465
lp_blend,74,114,522
lesmis,77,77,508
bcspwr03,118,118,476
west0167,167,167,507
mycielskian6,47,47,472
ash85,85,85,523
ash219,219,85,438
lp_stocfor1,117,165,501
Trec8,23,84,549
rw136,136,136,479
cis-n4c6-b1,210,21,420
n4c6-b1,210,21,420
odepb400,400,400,399
bcsstm06,420,420,420
flower_4_1,121,129,386
lp_adlittle,56,138,424
GD06_theory,101,101,380
west0156,156,156,371
can_73,73,73,377
west0132,132,132,414
gre_115,115,115,421
bfwa62,62,62,450
olm100,100,100,396
ch5-5-b1,200,25,400
sphere2,66,66,450
impcol_c,137,137,411
bcsstk01,48,48,400
n3c5-b2,120,45,360
gams10a,114,171,407
gams10am,114,171,407
tub100,100,100,396
GD98_c,112,112,336
GD97_a,84,84,332
dolphins,62,62,318
n2c6-b10,30,306,330
wheel_7_1,114,113,338
mesh1e1,48,48,306
mesh1em1,48,48,306
mesh1em6,48,48,306
west0067,67,67,294
ch4-4-b2,96,72,288
lp_kb2,43,68,313
bfwb62,62,62,342
chesapeake,39,39,340
GD95_c,62,62,287
curtis54,54,54,291
lp_sc105,105,163,340
impcol_b,59,59,312
dwt_66,66,66,320
pivtol,102,102,306
GD96_d,180,180,229
GD96_c,65,65,250
Sandi_authors,86,86,248
GD98_b,121,121,207
GD96_b,111,111,193
cat_ears_2_1,85,85,254
d_dyn,87,87,238
d_dyn1,87,87,238
GD99_b,64,64,252
wheel_6_1,83,85,254
GD02_b,80,80,232
n3c5-b7,30,120,240
lpi_forest6,66,131,246
GD97_b,47,47,264
cage5,37,37,233
can_62,62,62,218
IG5-6,30,77,251
dwt_59,59,59,267
will57,57,57,281
divorce,50,9,225
bibd_9_3,36,84,252
Maragal_1,32,14,234
ex5,27,27,279
dwt_72,72,72,222
n2c6-b1,105,15,210
n3c6-b1,105,105,210
n4c5-b1,105,15,210
lpi_woodinfe,35,89,140
GlossGT,72,72,122
GD99_c,105,105,149
refine,29,62,153
ibm32,32,32,126
wheel_4_1,36,41,122
wheel_5_1,57,61,182
d_ss,53,53,149
karate,34,34,156
can_24,24,24,160
bcspwr02,49,49,167
bcspwr01,39,39,131
p0040,23,63,133
mycielskian5,23,23,142
lp_sc50b,50,78,148
lp_sc50a,50,78,160
GD01_c,33,33,135
pores_1,30,30,180
ch4-4-b1,72,16,144
Trec7,11,36,147
lap_25,25,25,169
relat4,66,12,172
Trefethen_20b,19,19,147
Trefethen_20,20,20,158
bcsstm03,112,112,112
bcsstm04,132,132,132
bcsstm22,138,138,138
bcsstm05,153,153,153
n4c5-b11,10,120,120
GD95_b,73,73,96
ch4-4-b3,24,96,96
GD98_a,38,38,50
GD95_a,36,36,57
GD02_a,23,23,87
Ragusa18,23,23,64
problem,12,46,86
lpi_bgprtr,20,40,70
p0033,15,48,113
wheel_3_1,21,25,74
Ragusa16,24,24,81
klein-b2,20,30,60
Tina_DisCal,11,11,41
football,35,35,118
lp_afiro,27,51,102
Tina_DisCog,11,11,48
Hamrle1,32,32,98
mycielskian4,11,11,40
n3c4-b3,15,20,60
klein-b1,30,10,60
LFAT5,14,14,46
cage4,9,9,49
jgl011,11,11,76
n3c4-b2,20,15,60
jgl009,9,9,50
LF10,18,18,82
kleemin,8,16,44
rel4,66,12,104
rgg010,10,10,76
Stranke94,10,10,90
n3c5-b1,45,10,90
bcsstm01,48,48,48
bcsstm02,66,66,66
GL7d10,1,60,8
Trec3,1,2,1
ch3-3-b2,6,18,18
Tina_AskCal,11,11,29
Tina_AskCog,11,11,36
Trec4,2,3,3
mycielskian2,2,2,2
GD01_b,18,18,37
farm,7,17,41
lpi_itest6,11,17,29
lpi_galenet,8,14,22
n3c4-b4,6,15,30
Trec5,3,7,12
mycielskian3,5,5,10
ch3-3-b1,18,9,36
Trec6,6,15,40
b1_ss,7,7,15
cage3,5,5,19
lpi_itest2,9,13,26
rel3,12,5,18
n3c4-b1,15,6,30
relat3,12,5,24